"","primerid","Pr(>Chisq)","coef","ci.hi","ci.lo","fdr","label"
"1","AC007384.1",0.949518831799208,-0.00749995581104554,0.23520787978245,-0.250207791404542,0.987361626133982,FALSE
"2","AC007952.4",0.0653656699229756,NA,NA,NA,0.378430385365323,FALSE
"3","AC020916.1",0.421954191013928,0.172206614515226,0.492662376394073,-0.148249147363621,0.875293404499967,FALSE
"4","AC025164.1",0.258777496029145,-0.0174439718384767,0.269371836353823,-0.304259780030777,0.706012516340383,FALSE
"5","AC092821.3",0.841817131874095,-0.0603191408929432,0.189927594048954,-0.31056587583484,0.949645393709654,FALSE
"6","AC103591.3",0.0222468401739415,NA,NA,NA,0.295574265058604,FALSE
"7","AC253572.2",0.412906933845724,-0.117066197282362,0.0533492664966752,-0.287481661061399,0.870921347859468,FALSE
"8","ACP5",0.451805756211076,-0.190079058366815,0.155169348219358,-0.535327464952988,0.877778181439957,FALSE
"9","ACSM3",0.263999916568135,-0.160804660939401,0.059750869277894,-0.381360191156696,0.708705658380768,FALSE
"10","ACTG1",0.189701355829916,-0.445353893865105,0.0778604829618359,-0.968568270692047,0.610449234786012,FALSE
"11","ADAM28",0.765146481548487,-0.0225434869150728,0.405939732411104,-0.451026706241249,0.936227710688198,FALSE
"12","ADD3",0.537402943479768,-0.0577142486014139,0.187917268108433,-0.303345765311261,0.878462852650326,FALSE
"13","ADGRE5",0.294104244696688,0.0033387061013665,0.411440740934414,-0.404763328731681,0.723727111949694,FALSE
"14","AFF3",0.0622568433474356,-0.403755081000757,-0.141936491677624,-0.66557367032389,0.378430385365323,FALSE
"15","AGPAT5",0.226062708910245,0.264612701308788,0.653701011002098,-0.124475608384523,0.655973872097936,FALSE
"16","AHI1",0.441099053198812,0.194194596852817,0.544731611964975,-0.156342418259341,0.877778181439957,FALSE
"17","AHNAK",0.0446313903308222,0.566581809180373,1.0241596814003,0.109003936960447,0.373415965767879,FALSE
"18","AHSA1",0.452234520356274,-0.0283445202339901,0.246663073684947,-0.303352114152927,0.877778181439957,FALSE
"19","AKAP9",0.0694291731620651,-0.373734539124962,0.0723313552258459,-0.81980043347577,0.383004889311612,FALSE
"20","AL021155.5",0.816687318965228,-0.0472554241779596,0.256469513419621,-0.35098036177554,0.946238870981197,FALSE
"21","ALOX5AP",0.561981584880356,0.0360252698545101,0.392606356586036,-0.320555816877016,0.884372274639307,FALSE
"22","AMD1",0.27122910510981,-0.26249419352699,0.022249765264089,-0.54723815231807,0.713154463220689,FALSE
"23","ANKRD10",0.066321323681579,NA,NA,NA,0.378430385365323,FALSE
"24","ANKRD44",0.0120573141749412,-0.34093797261867,-0.0306275673512812,-0.651248377886058,0.293579213200949,FALSE
"25","ANTXR2",0.536844776427551,0.155419726621785,0.47972411029297,-0.1688846570494,0.878462852650326,FALSE
"26","ANXA1",0.216634235856674,0.410001861620796,0.993898732095765,-0.173895008854173,0.653403152399976,FALSE
"27","ANXA5",0.0993281995262336,0.455264687751516,0.929936548350522,-0.0194071728474899,0.449993369653108,FALSE
"28","AP000787.1",0.946984403767281,0.0468480760513885,0.381336929759898,-0.287640777657121,0.987361626133982,FALSE
"29","APBB1IP",0.329989435993617,-0.230906558949303,-0.00313256593629041,-0.458680551962315,0.774087368545774,FALSE
"30","APC",0.0867202259093493,-0.0383843736721223,0.22907954664146,-0.305848293985705,0.414605270538032,FALSE
"31","APOBEC3G",0.0995005259591533,0.0993005631250229,0.60530496220863,-0.406703835958585,0.449993369653108,FALSE
"32","ARAP2",0.262003041931774,-0.109042806905162,0.123137953656668,-0.341223567466992,0.707126489514787,FALSE
"33","ARHGAP24",0.955290922301009,-0.0418350267014349,0.265668914866705,-0.349338968269575,0.988775346381663,FALSE
"34","ARHGAP25",0.0267959591848167,NA,NA,NA,0.312827244436698,FALSE
"35","ARHGAP5",0.88976525948261,0.074509011079742,0.404804486156817,-0.255786463997333,0.966801212684568,FALSE
"36","ARID5B",0.00859179649905224,-0.68228512501175,-0.279747458707763,-1.08482279131574,0.275567946231725,FALSE
"37","ARL4A",0.0724924959086233,0.392801428255363,0.793807779550223,-0.00820492303949633,0.391303580065902,FALSE
"38","ARL4C",0.128151716903818,0.239932103606085,0.764392859844832,-0.284528652632662,0.502595014732161,FALSE
"39","ARL8B",0.771234917769387,-0.0291862364407647,0.306113776715304,-0.364486249596834,0.936227710688198,FALSE
"40","ASAH1",0.416784864994603,0.207972911873479,0.572210046182767,-0.15626422243581,0.875180641766739,FALSE
"41","ASCC3",0.0517960942482912,NA,NA,NA,0.373626291022538,FALSE
"42","ATF7IP",0.613092926809039,0.160072252743551,0.561114481877575,-0.240969976390473,0.907398014946526,FALSE
"43","ATM",0.467091965100849,0.138886808943951,0.591347302036303,-0.313573684148401,0.877778181439957,FALSE
"44","ATP1B3",0.696413875195454,0.14515499942644,0.549959981193094,-0.259649982340215,0.935243677434178,FALSE
"45","ATP2B1-AS1",0.814847350749968,0.0817425857968813,0.371940537382054,-0.208455365788291,0.946238870981197,FALSE
"46","ATRX",0.885481688131192,0.0322696959453393,0.513351375885232,-0.448811983994554,0.966725516604512,FALSE
"47","ATXN1",0.0756226993092888,NA,NA,NA,0.39658237175041,FALSE
"48","BACH2",0.0343143447416714,0.336878855940824,0.773631696495959,-0.0998739846143108,0.34451602120638,FALSE
"49","BANK1",0.858722673032832,-0.0953708398485363,0.304322730078884,-0.495064409775956,0.957952848583292,FALSE
"50","BASP1",0.193136432555749,0.318599861470213,0.738407474041286,-0.101207751100861,0.617544516834305,FALSE
"51","BCAS4",0.907781999975249,-0.0110580440490007,0.258203977038886,-0.280320065136887,0.977911081518401,FALSE
"52","BCL11A",0.541152102007305,-0.172619160124124,0.151541610121749,-0.496779930369998,0.878462852650326,FALSE
"53","BCL11B",0.351694282730474,0.0692102724387922,0.393733076473313,-0.255312531595729,0.809864816195863,FALSE
"54","BCL2A1",0.0917872734584926,-0.40785491136474,-0.148224999291755,-0.667484823437725,0.430628142767881,FALSE
"55","BCL2L11",0.444988881719274,0.11683419700685,0.491036888883604,-0.257368494869904,0.877778181439957,FALSE
"56","BHLHE40",0.0845281328492606,0.3100605469397,0.664962704854423,-0.0448416109750224,0.408259264639608,FALSE
"57","BIRC3",0.840555700614973,0.121558205452983,0.587480126725127,-0.34436371581916,0.949645393709654,FALSE
"58","BTN3A2",0.980476149249324,-0.0199884380239309,0.195387432572481,-0.235364308620343,0.990875741566075,FALSE
"59","C12orf65",0.599865518000121,0.0380942176602219,0.344169283296855,-0.267980847976411,0.901594281545093,FALSE
"60","C12orf75",0.276000789204422,0.267190531832702,0.660755328960025,-0.126374265294621,0.714150121779369,FALSE
"61","C5orf56",0.366680290008177,0.0942633322757511,0.414035818181556,-0.225509153630054,0.82362132390572,FALSE
"62","C7orf50",0.122957075837021,0.0474571827518756,0.456209486744555,-0.361295121240804,0.493795616561476,FALSE
"63","CAPN2",0.0793227587179156,NA,NA,NA,0.402209227378834,FALSE
"64","CCDC50",0.490371648020809,-0.203437974291719,0.09889220034174,-0.505768148925179,0.877778181439957,FALSE
"65","CCDC59",0.833560557449524,0.0481421604076337,0.453260684611971,-0.356976363796704,0.949645393709654,FALSE
"66","CCDC90B",0.0166193394427217,0.13969681575618,0.526281164544461,-0.2468875330321,0.293579213200949,FALSE
"67","CCDC93",0.984070149637549,0.00159405941498894,0.243369908128176,-0.240181789298198,0.990875741566075,FALSE
"68","CCL3",0.0368240757959594,0.344027488428411,0.790741402436276,-0.102686425579453,0.3487865292372,FALSE
"69","CCL3L1",0.00673290694096595,0.476091406350635,0.88255357406621,0.0696292386350607,0.241422806026065,FALSE
"70","CCL4",0.000845063145388276,0.732748312301043,1.23552243863159,0.229974185970498,0.205898364194995,FALSE
"71","CCL4L2",0.0314374801965544,0.15588411132516,0.539820761803108,-0.228052539152788,0.335779043801496,FALSE
"72","CCL5",0.125926163792035,0.567035815079107,1.20449011486874,-0.0704184847105263,0.501705827171443,FALSE
"73","CCND2",0.739570533359322,-0.0426933342727398,0.185709851541036,-0.271096520086515,0.935243677434178,FALSE
"74","CCPG1",0.215962131636594,0.0876550919472999,0.489110490121629,-0.313800306227029,0.653403152399976,FALSE
"75","CD2",0.819474638936855,0.0983585906535343,0.496902267607137,-0.300185086300068,0.946238870981197,FALSE
"76","CD247",0.293499475786425,0.26433716962749,0.677008016533996,-0.148333677279016,0.723727111949694,FALSE
"77","CD3D",0.776712538427516,-0.0959764128636237,0.163018605939882,-0.354971431667129,0.936227710688198,FALSE
"78","CD3G",0.203261810028051,NA,NA,NA,0.637733928963011,FALSE
"79","CD52",0.14455186246151,-0.491625521618114,0.0168740459193439,-1.00012508915557,0.534844430423716,FALSE
"80","CD69",0.00214508253827735,0.178185734401273,0.592747777219526,-0.23637630841698,0.205898364194995,FALSE
"81","CD79B",0.746384749740891,-0.123773543330883,0.310109292226799,-0.557656378888564,0.935243677434178,FALSE
"82","CD83",0.472276720497284,0.0821292463706498,0.486784457491667,-0.322525964750368,0.877778181439957,FALSE
"83","CD96",0.167509879248825,0.263184181808462,0.630262095799546,-0.103893732182623,0.575958625910344,FALSE
"84","CDC42EP3",0.779293232698079,-0.0821472988043519,0.125766890302326,-0.29006148791103,0.936227710688198,FALSE
"85","CDK12",0.885844098880628,0.0419988969215848,0.380242227620248,-0.296244433777079,0.966725516604512,FALSE
"86","CDK13",0.951958221212844,0.0375719757803367,0.401937062889112,-0.326793111328439,0.987361626133982,FALSE
"87","CDKN1A",0.251542667470571,0.171980624101853,0.4991907380529,-0.155229489849194,0.690024147924736,FALSE
"88","CEBPB",0.234486492714671,-0.0154684488653725,0.361787237366269,-0.392724135097014,0.66504078724726,FALSE
"89","CEP170",0.703565907416016,-0.0996729962667137,0.220852286994449,-0.420198279527876,0.935243677434178,FALSE
"90","CEP290",0.0470570483152837,NA,NA,NA,0.373626291022538,FALSE
"91","CEP295",0.0184813834043047,-0.0361011740005976,0.237356856914775,-0.30955920491597,0.293579213200949,FALSE
"92","CFLAR",0.472175666217005,0.156100544489742,0.648654210815369,-0.336453121835886,0.877778181439957,FALSE
"93","CKLF",0.158158265816047,-0.280049603300174,-0.0784102413556148,-0.481688965244732,0.563088293898265,FALSE
"94","CLEC2B",0.0583269703430212,0.465015361571811,0.888172316193174,0.0418584069504477,0.374964064168793,FALSE
"95","CLEC2D",0.304385584221972,0.348367929262695,0.786694008242469,-0.0899581497170796,0.738305372220028,FALSE
"96","CLECL1",0.989095514453964,0.0174725495404995,0.270867317345045,-0.235922218264046,0.991069756997784,FALSE
"97","CLIC4",0.72395318125921,-0.0256463229236067,0.233249631733312,-0.284542277580525,0.935243677434178,FALSE
"98","CLIP1",0.54721861608134,-0.0141313074999445,0.303461668507825,-0.331724283507714,0.878462852650326,FALSE
"99","CMC1",0.0845796086105961,NA,NA,NA,0.408259264639608,FALSE
"100","CMSS1",0.722335228863997,0.0701479682476958,0.500742815752323,-0.360446879256931,0.935243677434178,FALSE
"101","COBLL1",0.00336565750236188,NA,NA,NA,0.205898364194995,FALSE
"102","COL19A1",0.564935297795712,-0.116354186921582,0.0672051808394002,-0.299913554682565,0.884831305654122,FALSE
"103","COTL1",0.647302100318167,-0.174921877117379,0.160623910222709,-0.510467664457467,0.930271619851653,FALSE
"104","CREBRF",0.159649620521485,0.366970609602492,0.782689798148886,-0.0487485789439014,0.564395137336517,FALSE
"105","CREM",0.970205247453844,0.0398508423604811,0.536789132400538,-0.457087447679576,0.990495501750969,FALSE
"106","CRIP1",0.275533357430617,0.131002389777813,0.599740464787656,-0.337735685232031,0.714150121779369,FALSE
"107","CSGALNACT2",0.277232611636145,0.262681862954229,0.670933162244097,-0.145569436335639,0.714150121779369,FALSE
"108","CST7",0.0059328529104295,0.369971066705377,0.918236650731689,-0.178294517320935,0.229099397002739,FALSE
"109","CSTB",0.280051557823988,0.178540494200436,0.650456858989015,-0.293375870588143,0.714150121779369,FALSE
"110","CTSZ",0.666218842472142,0.16339366825429,0.549324193513884,-0.222536857005304,0.934686829077636,FALSE
"111","CXCL8",0.00401340090112629,0.572303100851216,1.01555768005164,0.129048521650792,0.205898364194995,FALSE
"112","CXXC5",0.82129114935579,0.0591523593248215,0.394468334723427,-0.276163616073784,0.946238870981197,FALSE
"113","CYBB",0.108629071050063,-0.168091711269955,0.164090211989079,-0.500273634528989,0.468218557910064,FALSE
"114","CYP51A1",0.174322446335448,0.0379485825958438,0.372275700969534,-0.296378535777846,0.586650263043883,FALSE
"115","CYTOR",0.681213252754512,0.127013556423088,0.542643110619866,-0.288615997773689,0.935243677434178,FALSE
"116","DAAM1",0.0810997532350202,NA,NA,NA,0.402209227378834,FALSE
"117","DAPP1",0.108771035946814,-0.245649484261888,0.0709087072226391,-0.562207675746414,0.468218557910064,FALSE
"118","DDI2",0.622800727269781,-0.109726998745606,0.102025825163446,-0.321479822654659,0.911504271397755,FALSE
"119","DDIT4",0.317124199004981,-0.241936170475916,0.00949471415434328,-0.493367055106175,0.754650724560872,FALSE
"120","DDX21",0.703743100123434,0.137690384566787,0.57843077455941,-0.303050005425837,0.935243677434178,FALSE
"121","DENND4A",0.469155719116428,0.153639987972893,0.503452737639099,-0.196172761693313,0.877778181439957,FALSE
"122","DKC1",0.221331355451338,0.240578439279428,0.595353252633455,-0.114196374074599,0.653578473156303,FALSE
"123","DNAJA1",0.0149035847362431,-0.480228372477788,-0.0686964452361222,-0.891760299719454,0.293579213200949,FALSE
"124","DNPH1",0.0689972921212455,NA,NA,NA,0.383004889311612,FALSE
"125","DSTN",0.103309288879656,0.259330955280747,0.688714941019706,-0.170053030458212,0.458949230244135,FALSE
"126","DUSP1",0.554187507988447,0.0553014714538277,0.352778524218148,-0.242175581310492,0.881093935373459,FALSE
"127","DUSP10",0.541385087593746,0.151116434524052,0.468598724618259,-0.166365855570155,0.878462852650326,FALSE
"128","DUSP2",0.598741485947291,-0.139582312854302,0.0809840385145724,-0.360148664223176,0.901594281545093,FALSE
"129","EBAG9",0.0670922396364815,0.270711022576229,0.665539828828633,-0.124117783676175,0.378430385365323,FALSE
"130","EEA1",0.591203986730885,-0.144995613687587,0.143906402922277,-0.433897630297451,0.901418511051817,FALSE
"131","EFHD2",0.241440247782367,0.255775104655846,0.700912015134044,-0.189361805822352,0.680043410831564,FALSE
"132","EIF1AY",0.293507677299065,-0.11469836247965,0.210137736493774,-0.439534461453074,0.723727111949694,FALSE
"133","EIF2AK2",0.00473183397829333,NA,NA,NA,0.205898364194995,FALSE
"134","EIF2AK3",0.749285997616584,-0.0741324933992377,0.126024583195608,-0.274289569994084,0.9356755492625,FALSE
"135","EIF4A1",0.219970383975291,0.0197937325230615,0.507094950313864,-0.467507485267741,0.653403152399976,FALSE
"136","EIF4EBP1",0.05289374610692,NA,NA,NA,0.373626291022538,FALSE
"137","ELL2",0.779568093760292,0.0780854725776859,0.361847932472512,-0.20567698731714,0.936227710688198,FALSE
"138","EMB",0.733883742884529,-0.124107503925676,0.207725524190181,-0.455940532041534,0.935243677434178,FALSE
"139","EPB41",0.528609154497913,0.12785491944236,0.566520415476018,-0.310810576591299,0.878462852650326,FALSE
"140","EPB41L2",0.384738021604701,0.166557132793317,0.480338876138137,-0.147224610551503,0.839732551502433,FALSE
"141","EPSTI1",0.605448693879892,-0.1663790447996,0.126193648990544,-0.458951738589744,0.902747773206838,FALSE
"142","ERCC5",0.0628731437260645,NA,NA,NA,0.378430385365323,FALSE
"143","ESF1",0.584060555394347,0.18348317826897,0.587272648921409,-0.220306292383469,0.899381591435467,FALSE
"144","ETS1",0.212827570799819,0.229635099556983,0.735938941931839,-0.276668742817873,0.653403152399976,FALSE
"145","EVI2A",0.470811447589029,-0.0907500074565618,0.302534491582849,-0.484034506495972,0.877778181439957,FALSE
"146","FABP5",0.280309484194262,-0.246293483478035,0.00450110855812449,-0.497088075514195,0.714150121779369,FALSE
"147","FAM102A",0.0470801543516544,NA,NA,NA,0.373626291022538,FALSE
"148","FAM177A1",0.144898092704433,0.267169177662596,0.698784990289685,-0.164446634964494,0.534844430423716,FALSE
"149","FBXO22",0.543646024552646,0.0258940494515062,0.314599335527444,-0.262811236624431,0.878462852650326,FALSE
"150","FCER2",0.467581129303886,0.189727784091441,0.536538715263304,-0.157083147080421,0.877778181439957,FALSE
"151","FCMR",0.533959060496778,-0.204419534278739,0.117463313817529,-0.526302382375008,0.878462852650326,FALSE
"152","FCRL3",0.00966498465635873,NA,NA,NA,0.285401311617181,FALSE
"153","FOS",0.150087036004152,-0.221774329702467,0.0826484527730311,-0.526197112177966,0.545968783145538,FALSE
"154","FOSB",0.554632835812775,-0.132335060702267,0.087711497901563,-0.352381619306098,0.881093935373459,FALSE
"155","FTH1",0.735525670886762,0.103994181053541,0.425377401414456,-0.217389039307373,0.935243677434178,FALSE
"156","FYB1",0.212744991441444,NA,NA,NA,0.653403152399976,FALSE
"157","FYN",0.166432645170826,0.326064359069769,0.768434159177225,-0.116305441037687,0.575958625910344,FALSE
"158","GABARAPL1",0.00386908196123587,0.578698526030964,0.990125320934565,0.167271731127364,0.205898364194995,FALSE
"159","GADD45B",0.868295946130158,-0.0655416701900401,0.301708460970281,-0.432791801350361,0.962172878539852,FALSE
"160","GAPDH",0.865245099818757,-0.0944686869878384,0.350160612911843,-0.53909798688752,0.960958053338531,FALSE
"161","GARS",0.0664382818458952,0.278819343981056,0.713188482487647,-0.155549794525536,0.378430385365323,FALSE
"162","GBP2",0.506487502839592,-0.146888701593551,0.223103907345314,-0.516881310532416,0.878462852650326,FALSE
"163","GBP4",0.30233310219418,-0.0318416905199277,0.30323931517648,-0.366922696216335,0.738305372220028,FALSE
"164","GEN1",0.0561728857734054,NA,NA,NA,0.374964064168793,FALSE
"165","GIMAP7",0.596157262289249,-0.118175556802385,0.123535880180883,-0.359886993785653,0.901418511051817,FALSE
"166","GINM1",0.0235517342676178,NA,NA,NA,0.295574265058604,FALSE
"167","GNG7",0.459097763108586,-0.179548934847437,0.0848769203053062,-0.44397479000018,0.877778181439957,FALSE
"168","GNLY",0.528325487772576,0.261566609814654,0.820679648400014,-0.297546428770707,0.878462852650326,FALSE
"169","GNPTAB",0.48576253503017,0.16242424534726,0.540599719658887,-0.215751228964367,0.877778181439957,FALSE
"170","GOLGB1",0.760502342774827,-0.0601665186730861,0.415714981311641,-0.536048018657813,0.936227710688198,FALSE
"171","GPATCH11",0.973949752691813,-0.0250497482015353,0.242997551782368,-0.293097048185438,0.990875741566075,FALSE
"172","GPATCH4",0.435476652390124,0.185476450632185,0.537010355617871,-0.1660574543535,0.877778181439957,FALSE
"173","GPR183",0.618373620803432,-0.233100736022082,0.227840205446414,-0.694041677490577,0.907671221179307,FALSE
"174","GRHPR",0.478449220579242,-0.144678758917216,0.0394911403963859,-0.328848658230818,0.877778181439957,FALSE
"175","GSPT1",0.722547011669511,0.132319855982142,0.521910330302232,-0.257270618337949,0.935243677434178,FALSE
"176","GSTK1",0.446867301237908,0.20916312154582,0.584654944692708,-0.166328701601069,0.877778181439957,FALSE
"177","H1FX",0.895329781112949,0.0644785552078639,0.366096122665649,-0.237139012249921,0.970746328550108,FALSE
"178","HCST",0.45439183359368,0.19177227398568,0.560274861577417,-0.176730313606057,0.877778181439957,FALSE
"179","HERC5",0.605708607228123,-0.121424102595977,0.0759181885966986,-0.318766393788653,0.902747773206838,FALSE
"180","HIST1H1E",0.0214937405440757,-0.42179910501753,-0.186812122235596,-0.656786087799464,0.295574265058604,FALSE
"181","HIST1H2AC",0.80144610006116,-0.0611058655552364,0.162868424071415,-0.285080155181887,0.946238870981197,FALSE
"182","HIVEP1",0.936774530440447,-0.0415279760807424,0.259418014684936,-0.342473966846421,0.987361626133982,FALSE
"183","HIVEP2",0.884485228164069,-0.0432143287429199,0.237529350073284,-0.323958007559124,0.966725516604512,FALSE
"184","HLA-DPB1",0.111922021505102,-0.345975048867153,0.0231737329255545,-0.71512383065986,0.468218557910064,FALSE
"185","HLA-DQA1",0.225475553886272,0.321913872393617,0.762954102256966,-0.119126357469733,0.655973872097936,FALSE
"186","HLA-DQA2",0.0478728627367715,-0.309906952178456,-0.079128483558924,-0.540685420797988,0.373626291022538,FALSE
"187","HLA-DRB1",0.00492187324768913,0.473083652801253,0.881480758564959,0.0646865470375476,0.205898364194995,FALSE
"188","HLA-DRB5",0.0415751728212457,-0.316862973553675,-0.152978106423603,-0.480747840683748,0.369518117089846,FALSE
"189","HNRNPAB",0.245947944678531,0.240686075192338,0.714135912336595,-0.23276376195192,0.682131868666424,FALSE
"190","HOOK3",0.523023057595528,-0.182617085147093,0.0884046768103279,-0.453638847104515,0.878462852650326,FALSE
"191","HSP90AA1",0.807359949215726,-0.128257268003726,0.314280145211236,-0.570794681218687,0.946238870981197,FALSE
"192","HSP90AB1",0.969966529660707,0.0200085004487329,0.328981015087443,-0.288964014189977,0.990495501750969,FALSE
"193","HSP90B1",0.648170345163171,0.146143967539687,0.543078129931681,-0.250790194852308,0.930271619851653,FALSE
"194","HSPA5",0.967263888591639,0.0221916550702665,0.483361984809526,-0.438978674668993,0.990495501750969,FALSE
"195","HSPA8",0.127849150270837,0.0208401935572419,0.515667597777553,-0.473987210663069,0.502595014732161,FALSE
"196","HSPD1",0.970764515660312,0.00567809572628686,0.450760792768968,-0.439404601316394,0.990495501750969,FALSE
"197","HSPE1",0.689991096278547,-0.189418915150719,0.229160449553117,-0.607998279854556,0.935243677434178,FALSE
"198","HSPH1",0.800473479196744,-0.0382273120600908,0.271341556670066,-0.347796180790248,0.946238870981197,FALSE
"199","HVCN1",0.410537034670982,0.201839455361811,0.604471315020458,-0.200792404296837,0.869576335041489,FALSE
"200","ID3",0.321596738442752,-0.33936875303239,0.136841375893844,-0.815578881958624,0.757941608912027,FALSE
"201","IDI1",0.648595750892587,0.156255644632396,0.569752772983634,-0.257241483718841,0.930271619851653,FALSE
"202","IER2",0.961696910087717,-0.0131791102879052,0.464211417928753,-0.490569638504563,0.989286575541053,FALSE
"203","IFI30",0.494654062233275,-0.227202898115552,0.123035287054253,-0.577441083285357,0.878192337262342,FALSE
"204","IFIH1",0.52949450147276,-0.144857339308843,0.0811591860243648,-0.37087386464205,0.878462852650326,FALSE
"205","IFITM2",0.28267681676398,-0.26182629789243,0.0410835947718488,-0.56473619055671,0.714150121779369,FALSE
"206","IFNGR1",0.0138730092691061,0.463589209791538,0.913014231825806,0.0141641877572701,0.293579213200949,FALSE
"207","IFRD1",0.747077120818935,-0.113081060177132,0.153196059113402,-0.379358179467666,0.935243677434178,FALSE
"208","IGHA1",0.0534417756444948,NA,NA,NA,0.373626291022538,FALSE
"209","IGHD",0.374785867258818,0.0188002778231793,0.461273300414676,-0.423672744768317,0.828821609532717,FALSE
"210","IGHM",0.776570478114498,0.175221009402248,0.700911584020248,-0.350469565215751,0.936227710688198,FALSE
"211","IGKC",0.578549501820382,0.420809492919309,1.20011417184056,-0.358495186001941,0.896394598499481,FALSE
"212","IGLC1",0.091304760687733,0.392632547194621,0.911611854465439,-0.126346760076196,0.430628142767881,FALSE
"213","IGLC2",0.839620006465407,-0.143236410455739,0.510883697755516,-0.797356518666994,0.949645393709654,FALSE
"214","IGLC3",0.188337206191049,0.437231790819135,0.992886199365203,-0.118422617726932,0.610449234786012,FALSE
"215","IL10RA",0.94138808192602,0.0162086756759041,0.370505205365576,-0.338087854013768,0.987361626133982,FALSE
"216","IL7R",0.528912280848023,0.205486227956967,0.685742542457536,-0.274770086543602,0.878462852650326,FALSE
"217","INPP5F",0.678022253480248,0.0477511812418051,0.355970967832377,-0.260468605348767,0.935243677434178,FALSE
"218","INSIG1",0.0154236722432313,0.35910860683968,0.78774990995848,-0.0695326962791196,0.293579213200949,FALSE
"219","INTS6",0.614169837334839,0.0995038926693553,0.433861979928365,-0.234854194589654,0.907398014946526,FALSE
"220","IQGAP2",0.541462443939925,0.1091129500605,0.45200616691511,-0.23378026679411,0.878462852650326,FALSE
"221","IRF1",0.218143563194932,-0.370727612332562,0.041417556205356,-0.782872780870481,0.653403152399976,FALSE
"222","IRF4",0.0662265581408452,0.378013574813295,0.770223325203103,-0.0141961755765125,0.378430385365323,FALSE
"223","IRF7",0.645003090837171,0.0260116824030691,0.371835979611623,-0.319812614805485,0.930271619851653,FALSE
"224","IRF8",0.91212360270525,0.0485686915755045,0.414802180799814,-0.317664797648805,0.977947387855288,FALSE
"225","ISG15",0.904206087239918,-0.0643089453281485,0.311621374495844,-0.440239265152141,0.976153668375137,FALSE
"226","ISG20",0.261201033888922,-0.337826450912409,0.164203713246993,-0.839856615071812,0.707126489514787,FALSE
"227","ITGA4",0.22603277220738,-0.247952944410631,-0.0494809550967115,-0.446424933724549,0.655973872097936,FALSE
"228","ITGB1",0.820116911366472,-0.0341915953218885,0.396616136415777,-0.464999327059554,0.946238870981197,FALSE
"229","ITPR2",0.858541782459747,-0.0615562111717726,0.140144588436788,-0.263257010780333,0.957952848583292,FALSE
"230","JPT1",0.861098810637712,-0.0806642609900887,0.195422943465004,-0.356751465445181,0.958473620709826,FALSE
"231","JUN",0.887930754339107,0.120822129527947,0.635938263461744,-0.39429400440585,0.966801212684568,FALSE
"232","JUNB",0.595827992315861,-0.22273887779393,0.204069070121651,-0.649546825709511,0.901418511051817,FALSE
"233","KAT6B",0.0929916652606352,0.0672461793799403,0.481284560186726,-0.346792201426845,0.432239036674434,FALSE
"234","KDM5B",0.950818696185651,0.0431413854524609,0.345797028228201,-0.259514257323279,0.987361626133982,FALSE
"235","KDSR",0.00233383533634293,-0.0254743036372723,0.27856593706098,-0.329514544335525,0.205898364194995,FALSE
"236","KIAA0040",0.754477552250078,-0.0763323107806529,0.105485243706373,-0.258149865267679,0.936227710688198,FALSE
"237","KIAA2026",0.548203350009701,-0.132507789894642,0.0904139248078704,-0.355429504597154,0.878462852650326,FALSE
"238","KIF20B",0.408147761102369,0.207554033683998,0.644899713107459,-0.229791645739463,0.869576335041489,FALSE
"239","KLF2",0.468913900697709,-0.00444502462723007,0.451834518188951,-0.460724567443412,0.877778181439957,FALSE
"240","KLF6",0.639835191108307,0.0588430201859909,0.497692521311229,-0.380006480939247,0.92831579750396,FALSE
"241","KLHL6",0.547995114672353,0.145270506797887,0.467755599041671,-0.177214585445897,0.878462852650326,FALSE
"242","KPNA5",0.0364396628683805,0.0986446112967592,0.436537243206789,-0.239248020613271,0.3487865292372,FALSE
"243","LACTB",0.565798504213094,-0.131126996388748,0.140203379197536,-0.402457371975031,0.884831305654122,FALSE
"244","LARP7",0.0584665609512845,0.470205221854009,0.901188507466233,0.039221936241785,0.374964064168793,FALSE
"245","LBH",0.229915598004259,-0.299535381049312,-0.00627618609470942,-0.592794576003915,0.663319713782404,FALSE
"246","LDHA",0.960741929542513,-0.0125853978802266,0.455575659141513,-0.480746454901966,0.989286575541053,FALSE
"247","LDHB",0.473993329582979,-0.232460925759074,0.164963481095011,-0.629885332613159,0.877778181439957,FALSE
"248","LDLRAD4",0.173252776240526,0.297331867239745,0.683276604097156,-0.0886128696176658,0.586650263043883,FALSE
"249","LEPROTL1",0.717041350890691,-0.112377885572814,0.203553643107387,-0.428309414253016,0.935243677434178,FALSE
"250","LGALS1",0.110162580472509,-0.48290433208266,-0.119206387344786,-0.846602276820534,0.468218557910064,FALSE
"251","LGALS3",0.727937130903272,0.135953164936281,0.522099308983082,-0.250192979110519,0.935243677434178,FALSE
"252","LIMS1",0.745802678096969,-0.0181525706195984,0.261913727870813,-0.29821886911001,0.935243677434178,FALSE
"253","LINC00342",0.837491815853133,-0.0663578258947828,0.136711261796451,-0.269426913586016,0.949645393709654,FALSE
"254","LINC00662",0.543194974247351,-0.0631648116880603,0.164724804128685,-0.291054427504806,0.878462852650326,FALSE
"255","LINC01857",0.582114618052166,-0.121678670730514,0.0636431230385633,-0.307000464499591,0.899143194652885,FALSE
"256","LINC02397",0.498575330915871,-0.164168492804309,0.093895345046896,-0.422232330655514,0.878192337262342,FALSE
"257","LITAF",0.312911586521874,-0.196890169135151,0.0963221783089001,-0.490102516579203,0.7515866815023,FALSE
"258","LMNA",0.0770341240408541,0.308877314734489,0.736856956855419,-0.11910232738644,0.39691345301805,FALSE
"259","LPIN2",0.870172284575882,-0.0156187445209097,0.227222099257081,-0.2584595882989,0.962172878539852,FALSE
"260","LRMP",0.428210679422626,0.124231642384452,0.498873220139377,-0.250409935370472,0.877778181439957,FALSE
"261","LTB",0.653577719001434,-0.13556788930289,0.371541093596246,-0.642676872202025,0.932090951530455,FALSE
"262","LY6E",0.0774850964059142,-0.355415751078485,-0.160450275817963,-0.550381226339008,0.39691345301805,FALSE
"263","LY9",0.367512303894186,-0.0474822129001619,0.262640208616612,-0.357604634416936,0.82362132390572,FALSE
"264","LYAR",0.739024200330256,-0.0819471973500752,0.151358557423636,-0.315252952123786,0.935243677434178,FALSE
"265","MACF1",0.141070505213959,0.249270865989819,0.610677845835314,-0.112136113855675,0.534844430423716,FALSE
"266","MAGED2",0.156003730341555,0.279609679277957,0.670998009890837,-0.111778651334924,0.559384804510434,FALSE
"267","MAML2",0.363281106963679,-0.0857277391451538,0.139565660196254,-0.311021138486562,0.82362132390572,FALSE
"268","MANF",0.841775948773398,0.0906013641326012,0.458018544009925,-0.276815815744723,0.949645393709654,FALSE
"269","MAP3K8",0.449789647504752,0.201237491488365,0.595575675741727,-0.193100692764998,0.877778181439957,FALSE
"270","MAP9",0.812406932454035,0.0213707843916413,0.285568075463087,-0.242826506679805,0.946238870981197,FALSE
"271","MARCH1",0.0491986871781126,NA,NA,NA,0.373626291022538,FALSE
"272","MARCKS",0.485801262686306,0.144256104230643,0.600277976645418,-0.311765768184133,0.877778181439957,FALSE
"273","MAT2A",0.0758404535618313,0.296466497895043,0.680235625865172,-0.0873026300750855,0.39658237175041,FALSE
"274","MDFIC",0.819871292637585,-0.0689020448613843,0.168449101368233,-0.306253191091002,0.946238870981197,FALSE
"275","MEF2C",0.821832963641039,0.0380305651531474,0.493466933418875,-0.417405803112581,0.946238870981197,FALSE
"276","METRNL",0.508897967870656,0.161263239418141,0.487532351539802,-0.165005872703519,0.878462852650326,FALSE
"277","MIR155HG",0.391443126029355,0.190066597530901,0.593280118863797,-0.213146923801994,0.847001936494553,FALSE
"278","MIR29B2CHG",0.0399441872490645,NA,NA,NA,0.364581490891461,FALSE
"279","MIS18BP1",0.759785541553475,-0.116612962455618,0.256238050942394,-0.48946397585363,0.936227710688198,FALSE
"280","MLEC",0.491345954152645,0.039058494276894,0.345160969301203,-0.267043980747415,0.877778181439957,FALSE
"281","MRPS31",0.593882139113049,-0.0491501821884097,0.189113719589332,-0.287414083966152,0.901418511051817,FALSE
"282","MS4A1",0.773242982578014,-0.166500769552813,0.300206226243143,-0.63320776534877,0.936227710688198,FALSE
"283","MT2A",0.0292805016066991,0.447369497083783,0.978754912334043,-0.0840159181664767,0.32307609934053,FALSE
"284","MTHFD2",0.154552125403986,0.204111129161265,0.51624135121386,-0.108019092891329,0.558166668725186,FALSE
"285","MTIF3",0.0235228925650223,NA,NA,NA,0.295574265058604,FALSE
"286","MX1",0.116218404194232,-0.0415724167132318,0.397500820762022,-0.480645654188486,0.474322267524428,FALSE
"287","MX2",0.713437934002763,-0.0881254407378964,0.267631385114557,-0.44388226659035,0.935243677434178,FALSE
"288","MXI1",0.881775686340516,0.00420476811716064,0.279434124476223,-0.271024588241901,0.966725516604512,FALSE
"289","MYC",0.704484698443669,-0.0989205920851756,0.109627316500142,-0.307468500670493,0.935243677434178,FALSE
"290","NAMPT",0.00878304211097131,NA,NA,NA,0.275567946231725,FALSE
"291","NCBP3",0.928794645895668,-0.0569451913822802,0.235683257278836,-0.349573640043396,0.987361626133982,FALSE
"292","NCL",0.384497940914638,0.215448990917685,0.527123405309012,-0.0962254234736425,0.839732551502433,FALSE
"293","NCOA7",0.958194522104577,0.0254580404514643,0.307585770890451,-0.256669689987522,0.989286575541053,FALSE
"294","NDUFAF2",0.460075746547217,-0.0571986940121539,0.173068901681149,-0.287466289705457,0.877778181439957,FALSE
"295","NEAT1",0.482266519238771,0.231007013815828,0.652462753194823,-0.190448725563166,0.877778181439957,FALSE
"296","NEIL1",0.727708914376134,0.0865177094149817,0.444564532130284,-0.27152911330032,0.935243677434178,FALSE
"297","NFKB1",0.0219677969681447,0.531221473200159,1.01456854239304,0.0478744040072814,0.295574265058604,FALSE
"298","NFKBIA",0.512044208468474,0.0457554154534718,0.537394421308965,-0.445883590402021,0.878462852650326,FALSE
"299","NFKBID",0.48185267186072,-0.0371114101695305,0.234228795376832,-0.308451615715893,0.877778181439957,FALSE
"300","NHP2",0.606027887591044,-0.13039259860625,0.143338759158156,-0.404123956370656,0.902747773206838,FALSE
"301","NIFK",0.936286818512198,-0.0107584932379939,0.36301671650977,-0.384533702985758,0.987361626133982,FALSE
"302","NIN",0.944192033314889,0.0173151549065657,0.330140255615454,-0.295509945802322,0.987361626133982,FALSE
"303","NKG7",0.144259219683682,0.282846527616383,0.880251262215237,-0.314558206982471,0.534844430423716,FALSE
"304","NME1",0.666569491652976,0.105740453680146,0.412048505598782,-0.200567598238489,0.934686829077636,FALSE
"305","NME2",0.0466142158749762,-0.514303837937004,-0.00680212363161525,-1.02180555224239,0.373626291022538,FALSE
"306","NOP56",0.372732853494397,0.0531970356086626,0.475765966949724,-0.369371895732399,0.828821609532717,FALSE
"307","NOP58",0.542289515772234,0.142079095481364,0.563459080965556,-0.279300890002828,0.878462852650326,FALSE
"308","NR4A2",0.018714212793686,NA,NA,NA,0.293579213200949,FALSE
"309","ODC1",0.944106870227057,0.0552302365473814,0.482067232463971,-0.371606759369208,0.987361626133982,FALSE
"310","OPTN",0.233062656812936,0.254426416642123,0.661172598912506,-0.15231976562826,0.66475825977326,FALSE
"311","ORAI2",0.575793559468963,-0.201429354406994,0.212106696099348,-0.614965404913337,0.894886584685509,FALSE
"312","PABPC4",0.188868036067647,-0.0812271931134133,0.282951741821575,-0.445406128048402,0.610449234786012,FALSE
"313","PACS1",0.441007648854299,-0.138271719054077,0.0834006741517606,-0.359944112259914,0.877778181439957,FALSE
"314","PAG1",0.448346781948336,0.114360632067313,0.400204828760393,-0.171483564625766,0.877778181439957,FALSE
"315","PALM2-AKAP2",0.818679791440575,-0.120130359711451,0.278923856734532,-0.519184576157434,0.946238870981197,FALSE
"316","PARP14",0.163191734619063,-0.458479931397527,0.0231314346083926,-0.940091297403447,0.56890451929701,FALSE
"317","PBXIP1",0.941144161001338,0.0418994986868126,0.409185573181151,-0.325386575807526,0.987361626133982,FALSE
"318","PCED1B-AS1",0.787211136676401,0.0293403275712845,0.429603973296029,-0.37092331815346,0.940904739551317,FALSE
"319","PCNX4",0.845990574078807,-0.08376312271783,0.182682046167035,-0.350208291602695,0.952213605801706,FALSE
"320","PDE4D",0.665810919919393,0.122025478958411,0.442966558488285,-0.198915600571462,0.934686829077636,FALSE
"321","PDE7A",0.0335341175569915,NA,NA,NA,0.343553612522647,FALSE
"322","PELI1",0.506812871274765,-0.124220635127385,0.0627224650506572,-0.311163735305428,0.878462852650326,FALSE
"323","PHACTR1",0.878998622003795,-0.0518638063680134,0.315821761964783,-0.41954937470081,0.966725516604512,FALSE
"324","PHF6",0.0357069599204721,NA,NA,NA,0.3487865292372,FALSE
"325","PIK3IP1",0.142828211175161,0.376097818742966,0.796667401720367,-0.0444717642344352,0.534844430423716,FALSE
"326","PIK3R1",0.716308766195028,0.112828546880811,0.527395396479762,-0.301738302718141,0.935243677434178,FALSE
"327","PIKFYVE",0.101705140529479,-0.159058504792099,0.16633457015832,-0.484451579742518,0.455856969158914,FALSE
"328","PIM1",0.0990219168720909,0.233576917501841,0.643874139830068,-0.176720304826386,0.449993369653108,FALSE
"329","PIP4K2A",0.858157006593971,-0.0323381005401933,0.260338546032581,-0.325014747112968,0.957952848583292,FALSE
"330","PLAAT4",0.318645262261546,0.267937095273769,0.685073609922139,-0.149199419374601,0.754650724560872,FALSE
"331","PLAC8",0.821810086074002,-0.075017217625209,0.18172136999681,-0.331755805247228,0.946238870981197,FALSE
"332","PLEK",0.305911389286386,0.249800665709738,0.645859318473164,-0.146257987053688,0.738305372220028,FALSE
"333","PLEKHB2",0.561663201801326,-0.109747047837357,0.0567862776108643,-0.276280373285579,0.884372274639307,FALSE
"334","PLEKHG1",0.529402302669764,0.189726250985397,0.562844935146873,-0.183392433176079,0.878462852650326,FALSE
"335","PLSCR1",0.0568676957586884,NA,NA,NA,0.374964064168793,FALSE
"336","PMAIP1",0.69045568367578,0.177937344668549,0.603989277370036,-0.248114588032937,0.935243677434178,FALSE
"337","PMEPA1",0.0568236575072202,0.317844234678629,0.770782652592715,-0.135094183235456,0.374964064168793,FALSE
"338","PNO1",0.268049247183348,0.237133063080235,0.589367530369507,-0.115101404209036,0.711961492518733,FALSE
"339","PNPT1",0.362522127302741,0.15691981337054,0.505746419637739,-0.191906792896659,0.82362132390572,FALSE
"340","POLK",0.0596188089114451,0.342265349972348,0.704220690583058,-0.0196899906383608,0.374964064168793,FALSE
"341","POU2AF1",0.0231268523040178,NA,NA,NA,0.295574265058604,FALSE
"342","POU2F2",0.219486784762752,-0.308328609945845,0.143619594235214,-0.760276814126905,0.653403152399976,FALSE
"343","PPIB",0.936769062702194,-0.0745108677039319,0.377821979270213,-0.526843714678077,0.987361626133982,FALSE
"344","PPP1R10",0.00386184307262116,NA,NA,NA,0.205898364194995,FALSE
"345","PPP1R15A",0.0589500614226419,0.25275835722469,0.756822730363111,-0.25130601591373,0.374964064168793,FALSE
"346","PPP2R5C",0.242485598682968,0.339703207933879,0.778894161643778,-0.0994877457760199,0.680043410831564,FALSE
"347","PRDX1",0.497778184805648,0.252409485070297,0.713531036487096,-0.208712066346501,0.878192337262342,FALSE
"348","PRDX4",0.441119147810067,-0.12534739936639,0.0796857634495672,-0.330380562182346,0.877778181439957,FALSE
"349","PRNP",0.0758225881261309,0.374967583628935,0.794435148105982,-0.0444999808481128,0.39658237175041,FALSE
"350","PTGER4",0.651958188295781,0.0575132818421478,0.339470808070978,-0.224444244386683,0.932090951530455,FALSE
"351","PTPN6",0.735814142339161,0.0965081679998907,0.391074618995289,-0.198058282995507,0.935243677434178,FALSE
"352","PTPRC",0.913660009769183,-0.0903752411963721,0.358549158862411,-0.539299641255155,0.977947387855288,FALSE
"353","PUM3",0.45164573517624,-0.180845795787924,0.0854087180609488,-0.447100309636797,0.877778181439957,FALSE
"354","RAB11FIP1",0.113079586561204,-0.279926892003035,-0.106476257511344,-0.453377526494725,0.469140102923343,FALSE
"355","RAB30",0.51268657946036,0.0651160163619038,0.4408256005393,-0.310593567815492,0.878462852650326,FALSE
"356","RAB8B",0.0278174188202494,0.375294443315205,0.846985876029325,-0.0963969893989157,0.317371460176481,FALSE
"357","RALGPS2",0.373536133726887,-0.268888279645487,0.0889946854893469,-0.62677124478032,0.828821609532717,FALSE
"358","RANBP1",0.366501159733458,0.266699447560775,0.695905420695889,-0.16250652557434,0.82362132390572,FALSE
"359","RASGEF1B",0.938337640365234,0.0498946779321725,0.383829283200749,-0.284039927336404,0.987361626133982,FALSE
"360","RASGRP1",0.528772758820642,0.142280462313714,0.498753205644991,-0.214192281017563,0.878462852650326,FALSE
"361","RASSF2",0.633366478794854,0.10341700895893,0.416736963132181,-0.209902945214321,0.92427317545063,FALSE
"362","RBBP6",0.111632344664382,0.165988641739566,0.596528932069428,-0.264551648590295,0.468218557910064,FALSE
"363","RBBP8",0.988511570126721,-0.014577009859139,0.231385254621216,-0.260539274339494,0.991069756997784,FALSE
"364","RBPJ",0.283099351063933,0.285879948166872,0.736865358136841,-0.165105461803096,0.714150121779369,FALSE
"365","RDX",0.0709954284193108,NA,NA,NA,0.387388098548848,FALSE
"366","REL",0.678826249984592,0.145193396448192,0.597725675777301,-0.307338882880917,0.935243677434178,FALSE
"367","RESF1",0.683185686886081,0.200270026196893,0.650366590279662,-0.249826537885875,0.935243677434178,FALSE
"368","REV3L",0.196189525910157,0.277151246887444,0.654114207421535,-0.0998117136466473,0.623336341815815,FALSE
"369","RGCC",0.130145362124281,0.321742634134154,0.743276664558858,-0.09979139629055,0.506457145630922,FALSE
"370","RGS10",0.182458387283615,0.334833878999737,0.785775264706864,-0.116107506707391,0.598654316446895,FALSE
"371","RGS2",0.926278484404471,0.0434661470030674,0.445486375806414,-0.358554081800279,0.987361626133982,FALSE
"372","RICTOR",0.0425025410342066,NA,NA,NA,0.369518117089846,FALSE
"373","RIF1",0.0157358337497453,NA,NA,NA,0.293579213200949,FALSE
"374","RILPL2",0.739998960770524,-0.0597016824788943,0.253649947420486,-0.373053312378274,0.935243677434178,FALSE
"375","RIOK1",0.689804237423863,0.028208125393118,0.292482956428388,-0.236066705642152,0.935243677434178,FALSE
"376","RIPOR2",0.231944255973507,-0.383896216822586,0.00959709210006521,-0.777389525745237,0.66475825977326,FALSE
"377","RNASET2",0.779344996867301,0.117817849493441,0.508135205641822,-0.272499506654939,0.936227710688198,FALSE
"378","RNF13",0.176462529321965,0.132130459605817,0.482960090255209,-0.218699171043575,0.586650263043883,FALSE
"379","RNF19A",0.1119247548789,-0.266864000080505,0.105512661621202,-0.639240661782213,0.468218557910064,FALSE
"380","RNF213",0.428252504801739,-0.152827413623161,0.166031823922573,-0.471686651168895,0.877778181439957,FALSE
"381","RORA",0.558621728074435,0.0106888614020775,0.293203280635003,-0.271825557830848,0.884372274639307,FALSE
"382","RPAP2",0.0515205533498492,NA,NA,NA,0.373626291022538,FALSE
"383","RPGR",0.716008678315956,0.106811159444552,0.410579441309713,-0.196957122420609,0.935243677434178,FALSE
"384","RRBP1",0.245798907671319,0.231636835199938,0.579801401132735,-0.116527730732859,0.682131868666424,FALSE
"385","RWDD4",0.0813642250152263,-0.0351563723567236,0.220533040234572,-0.290845784948019,0.402209227378834,FALSE
"386","S100A10",0.765185374234564,-0.13963268772947,0.451632252746054,-0.730897628204994,0.936227710688198,FALSE
"387","S100A11",0.420377969618079,0.298230113560622,0.781930276222248,-0.185470049101003,0.875293404499967,FALSE
"388","S100A4",0.783541970918392,-0.0604489239702406,0.343609690088979,-0.46450753802946,0.938754342245901,FALSE
"389","S100A6",0.82144551777091,0.0932309452367328,0.554787834615668,-0.368325944142203,0.946238870981197,FALSE
"390","SAMD9",0.68868969219103,-0.166349058644548,0.186418949050379,-0.519117066339475,0.935243677434178,FALSE
"391","SAMD9L",0.0329442291383923,NA,NA,NA,0.343553612522647,FALSE
"392","SAMSN1",0.136279857653328,-0.0723981114271056,0.398355428834035,-0.543151651688246,0.522232736961609,FALSE
"393","SAT1",0.483270986375613,-0.11024188419301,0.397886019122501,-0.618369787508521,0.877778181439957,FALSE
"394","SDCBP",0.407747629538652,0.0850119629321066,0.436184145395904,-0.266160219531691,0.869576335041489,FALSE
"395","SDF2L1",0.572569574479604,0.150228601876989,0.523877799854886,-0.223420596100909,0.892639522946463,FALSE
"396","SECISBP2L",0.63865815952215,0.0626707223348937,0.403493790006796,-0.278152345337008,0.92831579750396,FALSE
"397","SELL",0.161017489632733,-0.336206995079099,-0.0722891718289352,-0.600124818329263,0.565250208361062,FALSE
"398","SERPINB2",0.0122339303529278,0.352974077696997,0.738325109001202,-0.0323769536072085,0.293579213200949,FALSE
"399","SERPINB9",0.0296045828080964,0.276193309813413,0.720810198872117,-0.168423579245292,0.32307609934053,FALSE
"400","SESN3",0.909743778503806,-0.0889770477209859,0.374329773607956,-0.552283869049928,0.977925860404519,FALSE
"401","SHPRH",0.685206310407189,-0.0795054156112637,0.196816277571393,-0.355827108793921,0.935243677434178,FALSE
"402","SLAMF1",0.587748319292841,0.0510484067206349,0.383913398231271,-0.281816584790001,0.901418511051817,FALSE
"403","SLAMF7",0.466248832590964,0.09164195489778,0.403658249212375,-0.220374339416815,0.877778181439957,FALSE
"404","SLC2A3",0.495206851034797,0.0172513712362805,0.376836568640604,-0.342333826168043,0.878192337262342,FALSE
"405","SLC4A7",0.695481567012406,0.030915995181923,0.344610351018177,-0.282778360654331,0.935243677434178,FALSE
"406","SLFN5",0.723980933661801,0.111259811562854,0.450903367584184,-0.228383744458476,0.935243677434178,FALSE
"407","SMC4",0.722329715629863,-0.0747597006170308,0.124360466278265,-0.273879867512327,0.935243677434178,FALSE
"408","SMCHD1",0.488336949447911,-0.285197694057593,0.179036986038408,-0.749432374153594,0.877778181439957,FALSE
"409","SMIM14",0.831869818608421,-0.103711822183699,0.266305037355931,-0.47372868172333,0.949645393709654,FALSE
"410","SMS",0.831869121031829,-0.0344269349074701,0.24143499109981,-0.31028886091475,0.949645393709654,FALSE
"411","SNHG12",0.833563945712673,0.0950967562638518,0.449686958976348,-0.259493446448644,0.949645393709654,FALSE
"412","SNHG16",0.993006608311741,-0.00241220360955896,0.343166046577826,-0.347990453796944,0.993006608311741,FALSE
"413","SNRNP25",0.746197313722104,0.00325662929931442,0.248500938822299,-0.241987680223671,0.935243677434178,FALSE
"414","SNRNP35",0.763899961461104,-0.0254968146826696,0.209153023142627,-0.260146652507966,0.936227710688198,FALSE
"415","SNX9",0.042882242131445,-0.338204866727954,-0.00897943597756662,-0.667430297478341,0.369518117089846,FALSE
"416","SOCS1",0.175517064538652,0.138290420976269,0.4885769642567,-0.211996122304162,0.586650263043883,FALSE
"417","SORL1",0.0140928492050199,NA,NA,NA,0.293579213200949,FALSE
"418","SP110",0.410435691779413,-0.225587433838081,0.141009199201005,-0.592184066877167,0.869576335041489,FALSE
"419","SPAG9",0.660554111379112,0.0990737447252474,0.510066443532693,-0.311918954082198,0.934686829077636,FALSE
"420","SPART",0.149010810354795,-0.0113721098145786,0.305144878704932,-0.327889098334089,0.545968783145538,FALSE
"421","SPOCK2",0.180340490818939,0.30667052501348,0.752689166437066,-0.139348116410106,0.595598199941497,FALSE
"422","SPTBN1",0.0161261846590761,0.328957694902398,0.774516298184242,-0.116600908379446,0.293579213200949,FALSE
"423","SQSTM1",0.204824630068656,0.16587013110339,0.64189617303223,-0.31015591082545,0.638645740959412,FALSE
"424","SRGN",0.0535878345689696,0.572788626570133,1.06668209946844,0.0788951536718261,0.373626291022538,FALSE
"425","ST3GAL5",0.33231230031756,0.149227772634185,0.449001675560039,-0.150546130291669,0.775910580276349,FALSE
"426","STAT1",0.219657193169106,-0.209268172724034,0.0478585017918169,-0.466394847239885,0.653403152399976,FALSE
"427","STIM2",0.811661467389613,-0.00570171813620696,0.26928246746921,-0.280685903741624,0.946238870981197,FALSE
"428","STK38",0.340883590451653,0.0546109426143446,0.369034318376122,-0.259812433147433,0.788587845192303,FALSE
"429","STMN1",0.00383610788719284,NA,NA,NA,0.205898364194995,FALSE
"430","STX4",0.617439435408262,0.0980352682857268,0.412084320335707,-0.216013783764253,0.907671221179307,FALSE
"431","SUGT1",0.71572567706279,-0.118635963218095,0.189225534208796,-0.426497460644987,0.935243677434178,FALSE
"432","SYNE2",0.267647290717471,0.0974002734737127,0.579594130321848,-0.384793583374422,0.711961492518733,FALSE
"433","TACC1",0.29296076964644,0.100304613600782,0.446344286765144,-0.245735059563581,0.723727111949694,FALSE
"434","TCERG1",0.122724527806855,0.282118885956825,0.669336345198133,-0.105098573284483,0.493795616561476,FALSE
"435","TCF4",0.114395262504,-0.43063564470606,-0.0470961813692507,-0.814175108042869,0.470708375221379,FALSE
"436","TCF7",0.0668686612015703,-0.0606817740049283,0.25055853642003,-0.371922084429887,0.378430385365323,FALSE
"437","TCL1A",0.402072321586385,0.206638007628964,0.589884231665492,-0.176608216407564,0.866267405306289,FALSE
"438","TET2",0.0382960473152408,NA,NA,NA,0.356011402819461,FALSE
"439","THOC1",0.876341597085038,0.063536189055691,0.359225428527969,-0.232153050416587,0.966725516604512,FALSE
"440","TKT",0.979873683204608,-0.0175291521908426,0.297436061505863,-0.332494365887548,0.990875741566075,FALSE
"441","TLE4",0.289263778108239,0.0841057717791593,0.511335576572522,-0.343124033014204,0.723727111949694,FALSE
"442","TMA16",0.456050873015556,0.145679586369405,0.458829037392171,-0.167469864653361,0.877778181439957,FALSE
"443","TMEM107",0.490844414764902,-0.189618499169208,0.0744025047034367,-0.453639503041852,0.877778181439957,FALSE
"444","TMEM154",0.019542772713802,NA,NA,NA,0.295574265058604,FALSE
"445","TMEM156",0.304719312587565,-0.196579509214711,-0.012801879316508,-0.380357139112914,0.738305372220028,FALSE
"446","TMEM70",0.434250205054292,-0.00413921244738463,0.29181287229587,-0.300091297190639,0.877778181439957,FALSE
"447","TMSB10",0.984737574523296,0.0263417198776428,0.33617513413063,-0.283491694375345,0.990875741566075,FALSE
"448","TMSB4X",0.0139260735845544,0.380564728868412,0.643843981136546,0.117285476600279,0.293579213200949,FALSE
"449","TNFAIP3",0.0529546237609681,0.13863278734159,0.59799481363572,-0.32072923895254,0.373626291022538,FALSE
"450","TNFAIP8",0.336966337663913,-0.161236111043946,0.27737852533293,-0.599850747420822,0.783134729200391,FALSE
"451","TNFRSF13B",0.02597069392837,NA,NA,NA,0.310411627429566,FALSE
"452","TNFRSF18",0.0434294201360576,0.481616625863946,0.919529992338033,0.0437032593898583,0.369518117089846,FALSE
"453","TNFRSF1B",0.706498589316376,0.0513604235724927,0.347217832453401,-0.244496985308415,0.935243677434178,FALSE
"454","TPI1",0.199441990250097,-0.277960360062549,0.075256982584831,-0.631177702709928,0.629684774248733,FALSE
"455","TRAC",0.358609384753706,0.232141429272204,0.648122713745226,-0.183839855200819,0.822017859115802,FALSE
"456","TRBC1",0.0177306756259141,0.518432514729182,1.06557988829186,-0.0287148588334921,0.293579213200949,FALSE
"457","TRBC2",0.729570028811063,0.0713148946578719,0.532673669851492,-0.390043880535748,0.935243677434178,FALSE
"458","TRIM22",0.00199355879443073,NA,NA,NA,0.205898364194995,FALSE
"459","TRIP11",0.0244349843811885,NA,NA,NA,0.299179564862357,FALSE
"460","TSC22D3",0.278535888655355,-0.291170580200453,0.075384396438098,-0.657725556839004,0.714150121779369,FALSE
"461","TSPYL2",0.614572360720755,0.165316478417561,0.541606047987551,-0.21097309115243,0.907398014946526,FALSE
"462","TTC3",0.105267884678683,-0.449143816633874,-0.0940406292624588,-0.804247004005288,0.463548053585076,FALSE
"463","TTC39C",0.451522545971512,0.168830696830309,0.530260050270356,-0.192598656609737,0.877778181439957,FALSE
"464","TUBA1A",0.535942842449067,0.0395380538182737,0.378942905831574,-0.299866798195026,0.878462852650326,FALSE
"465","TUBA4A",0.271339646364844,-0.0264445121808995,0.32846924804279,-0.38135827240459,0.713154463220689,FALSE
"466","TWISTNB",0.662830811842353,-0.0173651822522522,0.284315353725735,-0.31904571823024,0.934686829077636,FALSE
"467","TXN",0.593523840281124,-0.0857891309599305,0.290324014149504,-0.461902276069365,0.901418511051817,FALSE
"468","TXNIP",0.248024471451978,-0.294488820098346,0.19992358705242,-0.788901227249113,0.684111454224686,FALSE
"469","TYMP",0.0112672817006928,NA,NA,NA,0.293579213200949,FALSE
"470","UBE2D1",0.723343853975593,-0.0336158728575934,0.276365620752704,-0.343597366467891,0.935243677434178,FALSE
"471","UBE2J1",0.775505463348163,0.00643078281451326,0.276991729123858,-0.264130163494832,0.936227710688198,FALSE
"472","UBE2S",0.663465049982231,0.0656359983259111,0.339772173225146,-0.208500176573324,0.934686829077636,FALSE
"473","UBR2",0.0597552293496084,NA,NA,NA,0.374964064168793,FALSE
"474","UCP2",0.511931456471861,-0.227580197889489,0.141235807567501,-0.59639620334648,0.878462852650326,FALSE
"475","UPP1",0.948286389439902,-0.0174500773145071,0.287604267279668,-0.322504421908682,0.987361626133982,FALSE
"476","USP8",0.538426440321441,-0.0728732904647734,0.335950015472685,-0.481696596402232,0.878462852650326,FALSE
"477","USP9Y",0.695705048621431,0.0785684413559465,0.394440309730327,-0.237303427018434,0.935243677434178,FALSE
"478","VIM",0.387483365982098,0.0666356076763281,0.409100245514511,-0.275829030161855,0.842063418714342,FALSE
"479","WAC-AS1",0.0817237872363367,NA,NA,NA,0.402209227378834,FALSE
"480","WBP4",0.768592963551399,-0.0660436378681856,0.189714380859158,-0.321801656595529,0.936227710688198,FALSE
"481","WDR43",0.713454992831377,0.142928759957528,0.522968538741509,-0.237111018826454,0.935243677434178,FALSE
"482","XAF1",0.549476764406778,-0.0380346244990792,0.356949098447802,-0.43301834744596,0.878462852650326,FALSE
"483","XBP1",0.720474692342301,0.00825363754056468,0.367435833602257,-0.350928558521127,0.935243677434178,FALSE
"484","XIST",0.00472300527138589,NA,NA,NA,0.205898364194995,FALSE
"485","YBX3",0.978007191272146,-0.00508976950581053,0.46449473815065,-0.474674277162271,0.990875741566075,FALSE
"486","YPEL5",0.81421646492289,-0.12232861951059,0.304528113706222,-0.549185352727402,0.946238870981197,FALSE
"487","YWHAH",0.467735440044015,0.0327377330096429,0.380601206684909,-0.315125740665624,0.877778181439957,FALSE
"488","Z93241.1",0.0234538075032182,NA,NA,NA,0.295574265058604,FALSE
"489","ZBTB1",0.902932025441027,0.0276394963434416,0.397971967270627,-0.342692974583743,0.976153668375137,FALSE
"490","ZBTB20",0.857122474472806,-0.0620479150033791,0.13928639636402,-0.263382226370778,0.957952848583292,FALSE
"491","ZBTB38",0.984954173389386,-0.00809606973261323,0.264520072382808,-0.280712211848035,0.990875741566075,FALSE
"492","ZC3H13",0.0531039928737746,0.29091428870202,0.745024693890005,-0.163196116485966,0.373626291022538,FALSE
"493","ZC3H8",0.756843906101741,-0.0870516419702649,0.22872722814416,-0.40283051208469,0.936227710688198,FALSE
"494","ZCRB1",0.134139482805461,0.191560791010486,0.535712108639359,-0.152590526618387,0.517984772064165,FALSE
"495","ZEB2",0.376808052421397,0.204945207631079,0.662377869012541,-0.252487453750383,0.829638782085707,FALSE
"496","ZFAND2A",0.527642005821569,0.0651807838452692,0.357065807350359,-0.226704239659821,0.878462852650326,FALSE
"497","ZFP36",0.0186922448786915,-0.457960423209286,-0.225370653560861,-0.69055019285771,0.293579213200949,FALSE
"498","ZFP36L2",0.174882644908393,-0.476724044159371,-0.0142907725153571,-0.939157315803385,0.586650263043883,FALSE
"499","ZMYM4",0.0649389208975289,NA,NA,NA,0.378430385365323,FALSE
"500","ZNF331",0.686692919395241,-0.130222243857336,0.141114123542393,-0.401558611257064,0.935243677434178,FALSE
"501","ZNF37A",0.318697118738854,0.0841647407456519,0.436833316844519,-0.268503835353216,0.754650724560872,FALSE
"502","ZNF721",0.418413055824736,-0.166908857301306,0.0279638194799379,-0.36178153408255,0.875180641766739,FALSE
