gene	baseMean	log2FoldChange	lfcSE	stat	pvalue	padj
PPBP	472.1041734377775	0.9502638070097	0.15436333561229637	6.156020166579009	7.459572884466552e-10	3.655190713388611e-7
PF4	399.23407255035403	1.018483666408863	0.17850328875441232	5.705685724424434	1.1587562954498473e-8	2.5900270490521048e-6
MYL9	185.20354514579472	1.535604531498978	0.2716912744217569	5.652020053891019	1.5857308463584315e-8	2.5900270490521048e-6
NCOA4	288.15524994533104	1.168665765584306	0.2095139696538458	5.5779849311010095	2.4332072714368687e-8	2.980678907510164e-6
TUBA4A	267.45551037587035	1.1285098054399838	0.21522324708761256	5.243438247080218	1.5761157558374945e-7	1.2871612006006206e-5
H3F3A	381.8482314081768	0.8859995936777538	0.1748794269125528	5.066345477680411	4.055256458642569e-7	2.4838445809185735e-5
MYL6	324.8912037144309	0.984476731413774	0.19370124333612815	5.082449211259939	3.725989564880082e-7	2.4838445809185735e-5
ACTB	358.6166690386924	0.9060712380814098	0.1800778442516587	5.031553114414096	4.86522276902864e-7	2.615326308140103e-5
GP1BB	404.09468357633955	0.8601474246687967	0.17155704450927162	5.013769193385183	5.337400628857353e-7	2.615326308140103e-5
SH3BGRL3	378.3746222719209	0.8435868335750883	0.1745930547162138	4.831731909074317	1.353504352856428e-6	5.8005590969502377e-5
TMSB4X	508.07095597063943	0.7070900761419484	0.14663529125747665	4.822100260300709	1.420545084967405e-6	5.8005590969502377e-5
RUFY1	223.0168947762248	1.1381941454832456	0.24061624423688277	4.730329613002819	2.2415559311070114e-6	7.911076728271842e-5
OAZ1	359.9489031424237	0.8589190983837199	0.18164195787655096	4.728638187039724	2.260307636649098e-6	7.911076728271842e-5
NRGN	381.9459995039804	0.8510519815427086	0.18054909214670475	4.7136874044827	2.432737755602301e-6	7.946943334967515e-5
GP9	254.4708579786588	1.103292756896323	0.23614285144723457	4.672141248971284	2.9807585186001753e-6	9.128572963213037e-5
TREML1	197.8316815557212	1.2066799551488532	0.26190677548900565	4.6072880432202	4.079547017676509e-6	1.1553285452601664e-4
GNG11	349.6124271393236	0.8545248540864232	0.18580433763668755	4.5990576159600645	4.244064043812856e-6	1.1553285452601664e-4
B2M	464.2132751266125	0.7029213557286619	0.1535493940193297	4.577819145545921	4.698486308857033e-6	1.211714890178919e-4
RAP1B	266.6144895028961	0.9821000610132358	0.2184671169479654	4.495413656450426	6.943482993973994e-6	1.7011533335236286e-4
CTSA	163.26022522180406	1.3120003143130852	0.29579441005675344	4.435514227808952	9.185276460695814e-6	2.1432311741623563e-4
CMTM5	194.8865689633919	1.2011715768486504	0.27218666329155317	4.413043469223963	1.01927521141184e-5	2.270203879962735e-4
RGS10	299.5952415798738	0.9073569997617418	0.20704279541480916	4.3824611136256	1.1734611572671196e-5	2.4999824654821243e-4
SRGN	230.69671458196393	1.024353028479145	0.23532710498456255	4.352890112451526	1.3435450293128205e-5	2.743071101513675e-4
TUBA1B	118.46426770811296	1.5086619874266372	0.3495587838902003	4.315903524542876	1.5895139447401796e-5	3.115447331690752e-4
ARPC1B	270.00674460093865	0.9177371308250144	0.21502880544278496	4.267972976621529	1.97257216372661e-5	3.579853186022366e-4
TSC22D1	225.38355768127624	1.034644014607664	0.2423085517789164	4.269944279769698	1.9552180802571572e-5	3.579853186022366e-4
TUBB1	303.5066443144002	0.8559942581233478	0.20305841550492693	4.215507424278992	2.492171926406522e-5	4.361300871211413e-4
TAGLN2	307.84017344956135	0.8521333005780771	0.2047826155219504	4.161160352435961	3.16634652098713e-5	5.171699317612313e-4
FTH1	450.40954152724464	0.6555594322688989	0.15749182671949585	4.162498117673731	3.1478473757579864e-5	5.171699317612313e-4
RGS18	301.21644437768714	0.8522782418978185	0.20560183792359157	4.14528513220078	3.3939112181125014e-5	5.350696817674072e-4
CLU	291.9110430033732	0.8784345030693831	0.21225408107374627	4.1385988840618655	3.494332615623884e-5	5.350696817674072e-4
PDLIM1	147.05656736989707	1.3293898239247994	0.3218702436284103	4.130204174634859	3.624412016596952e-5	5.381702691310625e-4
SPARC	184.0050268647407	1.1018944679220513	0.26914830413934815	4.094004870086639	4.239853983597492e-5	6.069580227347572e-4
CCL5	380.6701491503949	0.716584526323229	0.17525387656501476	4.08883695110387	4.3354144481054086e-5	6.069580227347572e-4
YWHAH	236.39100359250315	0.9626515154838764	0.2379395431071753	4.045781978535063	5.21487509821396e-5	7.098024439235668e-4
GRAP2	153.44712013191497	1.2111021919692484	0.3011911364098712	4.021041941689608	5.794128649805507e-5	7.673305509201888e-4
HLA-B	290.2434857232206	0.8178916288130501	0.2044064461259009	4.001300567151795	6.299527728663308e-5	8.123075229065845e-4
ACRBP	221.3010003168686	0.9875744701573874	0.24782727263611085	3.984930551237032	6.749986432270668e-5	8.480752184134942e-4
ILK	139.9915350331842	1.309078388530707	0.329996052961986	3.9669516552717874	7.279775179733215e-5	8.917724595173188e-4
MPP1	165.02989611872633	1.1870982110660702	0.2999958199938025	3.957049171853775	7.588131531232085e-5	9.068742561716396e-4
SERF2	299.5670726133064	0.7964097583265896	0.20323729626208095	3.918620120293245	8.905734445432175e-5	0.00103900235196708
CALM1	235.93313077604012	0.9097036984515262	0.23335124621344724	3.89843085568704	9.68180374976262e-5	0.00110327531101946
OST4	305.9201407511094	0.7854190480574926	0.20367929393631612	3.856155590872519	1.1518418976983144e-4	0.00126905244657662
CALM3	218.1248396779442	0.996251069074216	0.2585461941706327	3.853280734879897	1.1654563284887414e-4	0.00126905244657662
PTCRA	165.7698737901693	1.126933150893734	0.29307205116712837	3.8452426507605977	1.2043320210987729e-4	0.00128287541377912
PRDX6	177.01783889967308	1.0509002915460297	0.27508464353871165	3.8202797438168887	1.3330039837524877e-4	0.00131820914371336
FERMT3	162.25803316974412	1.106655929391793	0.29017780819028194	3.813716618419392	1.3689242888798627e-4	0.00131820914371336
ARHGDIB	193.5605309056147	1.0114838343441206	0.26559565473821395	3.8083598744907783	1.3989158259815324e-4	0.00131820914371336
ITM2B	293.55690510118575	0.806525003955666	0.21144911668684796	3.814274642490533	1.365835081084166e-4	0.00131820914371336
MYL12A	313.2958037144491	0.7496650485525259	0.19568613412182373	3.830956403307679	1.276461235324054e-4	0.00131820914371336
C19orf33	148.71438568773206	1.168515643735481	0.306811433351703	3.808579201140761	1.3976757956649552e-4	0.00131820914371336
HLA-C	260.9089578824934	0.8240295372778902	0.21763535654246863	3.786285235860065	1.5291613804217398e-4	0.00141200336011041
FTL	347.5642068710005	0.6965465156776027	0.1841768579697521	3.781943743399068	1.556085335631886e-4	0.00141200336011041
MAP3K7CL	168.5753548917187	1.0852453470431591	0.28836360336419203	3.763461596339315	1.6757747150244367e-4	0.00149296292793086
TUBA1C	121.45096595714531	1.2843150619658623	0.343702795423488	3.736702404132075	1.8644937391957108e-4	0.00163143202179624
DYNLL1	192.0682292878315	0.977498085008967	0.262238663152479	3.727513225006792	1.9337841653887e-4	0.00166237586147454
GNAS	291.4646141078189	0.7462163889178014	0.20395895274898676	3.658659641365061	2.5353778903310195e-4	0.00214195718321068
SAT1	243.3278483593449	0.8439351031301807	0.2317780606443014	3.641134543900284	2.7143922984283346e-4	0.00222951887947318
TIMP1	208.12665096892457	0.9541282898140376	0.26214791774464474	3.639656183511795	2.730023117722263e-4	0.00222951887947318
TGFB1	179.20963619722994	1.0182818043897983	0.28100139199294055	3.623760712243661	2.903502447902466e-4	0.00233232163847903
LAMTOR1	183.71467676735168	0.9958170824016136	0.2757756290139509	3.610968401965778	3.0505583031126114e-4	0.00241092511052448
ARPC5	190.1686326126517	0.9522259939526188	0.2662381785391396	3.5765944583061824	3.4809956891609185e-4	0.0027074410915696
TSPAN33	105.65373405844176	1.331724293063156	0.375449002454012	3.5470177956492934	3.896182725418726e-4	0.00298301489914871
HLA-E	270.996434884067	0.7499046513894491	0.2129798237471017	3.5210126395818	4.299021242274461e-4	0.00319169758896134
FHL1	53.93312255877197	1.8876174022573269	0.5356937180790381	3.5236877688732227	4.255854314017397e-4	0.00319169758896134
TALDO1	136.96258333430077	1.1357817922616895	0.3236593104000358	3.509189310382847	4.4947485415815566e-4	0.00323886291966906
GPX4	218.87752042936393	0.9391527916645496	0.2673356002461631	3.513010578463086	4.4305983660553457e-4	0.00323886291966906
CLDN5	106.45151013313274	1.3145274744546465	0.3811127265815257	3.4491828342904984	5.622858433984232e-4	0.00399304439514822
HLA-A	282.4872820159494	0.7120910195161162	0.20717597469803753	3.4371312627055373	5.8791061338021e-4	0.00411537429366147
NAP1L1	274.3035027220438	0.7431918702045188	0.21729672186883875	3.42017064874597	6.258186440100625e-4	0.0043190300783793
AC147651.1	111.61781489885898	1.2597087313131243	0.3696088100328704	3.4082216038115942	6.5387769020964e-4	0.00445000094726005
TMEM40	164.63491408643162	1.0116008571899182	0.2971983644585593	3.403790121903493	6.645779570146492e-4	0.00446086573886545
RBBP6	79.60173699993102	1.5024669313340744	0.44250940247162496	3.3953333487200132	6.854508862810125e-4	0.00453879640915805
PF4V1	130.41582952987858	1.1514946987431682	0.3426358285987173	3.3606955333668775	7.774647745346001e-4	0.00501203549917089
PRKAR2B	242.7588698237488	0.7756943569616727	0.2310598619175972	3.357114258288219	7.876055784411408e-4	0.00501203549917089
CARD19	92.85641578786104	1.3413750465332153	0.39953270763542087	3.357359787818019	7.869064314820944e-4	0.00501203549917089
UQCRH	180.1338283836103	0.9367676632657564	0.27993956858894625	3.3463210220248434	8.189152704017172e-4	0.00514446772431848
CAVIN2	325.0631510212773	0.6495397763063655	0.19469195844314255	3.336243476620303	8.491875709935177e-4	0.00520127387233529
ACTG1	246.21926358091437	0.75544606146359	0.2263157801974884	3.3380176177037684	8.437839919465892e-4	0.00520127387233529
RAB32	126.36566440876544	1.178501746628604	0.35512641943643725	3.318541460527804	9.048888795005542e-4	0.00547401914759594
VCL	162.36215280553608	1.016314608654412	0.3084082241983065	3.295355081065937	9.829738859156957e-4	0.00587386834266696
SNCA	108.89191637734127	1.1962294399180653	0.3645635220920124	3.2812647657495155	0.00103342686165761	0.00610095376159312
ODC1	202.12070673353105	0.8754324118206808	0.268548829589295	3.2598630690721047	0.00111466014084228	0.00635097056991532
ATP6V0E1	116.00626731405256	1.1503277160141776	0.35228317835924816	3.265349544567543	0.00109329069517476	0.00635097056991532
TLN1	257.53050952946126	0.7643840164112115	0.23439919095051992	3.261035216510486	0.00111006252600584	0.00635097056991532
FCER1G	103.93922100239251	1.197909946065619	0.3748832942742992	3.1954209866420924	0.00139627008803959	0.00786404992114256
TPM1	156.0767110277423	0.9682124398109628	0.3035136801198664	3.190012520781889	0.00142266629896976	0.00792166461926347
TMEM140	89.51596435815759	1.334066493171151	0.4206499351234135	3.171441100495481	0.00151684624503838	0.00835117595582929
HIST1H2AC	273.76940149808297	0.6935266046731294	0.2203421917607792	3.1474979854338403	0.00164674240719318	0.00886707450027098
SH3BGRL	138.09403337147026	1.0000030526752035	0.31770665574882795	3.1475672120189526	0.00164635251582201	0.00886707450027098
COTL1	107.52803689026972	1.2275294321360095	0.3906904918250706	3.1419485700860847	0.00167827512493754	0.00893863925238477
LIMS1	226.0114050353587	0.7611281373410035	0.2436186445328746	3.124260619709238	0.00178252496101794	0.00939179818170743
TRAPPC1	100.64560310434676	1.198126120603653	0.384024563673641	3.1199205309738134	0.00180899837028343	0.00942988512169024
PTMA	332.12854016306966	0.5848285090240669	0.18974322859228393	3.0822101708869596	0.00205469709768217	0.01048751643608612
GSTO1	166.25524778005172	0.9393528343502896	0.3045747881869917	3.084145079577565	0.00204138020632995	0.01048751643608612
GMPR	97.95371279027108	1.2073176644678658	0.3928376474441726	3.0733247496077665	0.00211687983357777	0.0106935166850836
STXBP2	87.22663352563767	1.278270302962615	0.4164607440140254	3.0693656517108994	0.00214513863485568	0.0107256931742784
WDR1	83.40116491113125	1.296236932666381	0.42303497218111336	3.0641365794963753	0.00218299223778567	0.01073813141677941
GAPDH	251.0936022851041	0.6857466656579395	0.2238822716568904	3.062978861983663	0.00219145539117947	0.01073813141677941
HMGB1	269.632912202075	0.6524520889441185	0.21354716605773116	3.0553067080634175	0.00224830472694405	0.0109076169921048
MTPN	208.24146766567097	0.7626268572247329	0.25100361162593393	3.0383102947588725	0.00237908844347843	0.01134374718147792
CFL1	171.73530278409817	0.8680505690676328	0.28576617071900134	3.037625366514084	0.00238450195855556	0.01134374718147792
SNX3	109.5787089771382	1.1063117015203856	0.3654814789751115	3.0269979880313524	0.00246995602380289	0.01163729280445596
PKM	158.97199272095943	0.8857168660896682	0.29314815112020165	3.0213967330344556	0.00251611449104717	0.0116636231377459
ITGA2B	105.11576636283328	1.121201623194236	0.37154097705699624	3.0177065046104943	0.00254695444028328	0.0116636231377459
SLC39A3	52.77350355503509	1.6138173918952212	0.5342888900189856	3.020495881615422	0.00252361140125626	0.0116636231377459
C12orf75	75.69069107048402	1.3562922833111457	0.4606217590375528	2.9444815766954946	0.00323496205540602	0.01467714265878658
TPM3	189.39587264303935	0.7850845968946852	0.2687692642521956	2.9210356291261523	0.00348869927737308	0.01545166184330066
KIF2A	186.614059493057	0.8401483328953384	0.2872945963825277	2.9243443610637763	0.00345182648376323	0.01545166184330066
ETFA	96.01288726346765	1.1425469875139949	0.3912827443704278	2.9200035114054104	0.00350027441756402	0.01545166184330066
DBNL	55.19473293503957	1.5119707828929767	0.52115523199441	2.901190835419252	0.00371747408261568	0.01626394911144361
NDUFS5	134.35911220858583	0.9493591100504872	0.32907332717759535	2.884947006167212	0.00391479553914928	0.01697566207241727
CCND3	127.09155759692472	0.9697605619510608	0.3389457105220464	2.8611088202220625	0.00422162120720155	0.0181455648379716
RAB4A	63.67209425462917	1.406479470703699	0.4930198940928165	2.8527844161171183	0.00433380113386808	0.01846576135300314
CDKN2D	156.8128222275376	0.8487595506835944	0.2990273243554965	2.8384013150402025	0.00453401371453539	0.01915229931139951
GAS2L1	62.656720073274094	1.448237275012666	0.5107337007643947	2.8356015529132836	0.00457394707670753	0.0191558467315102
RAB11A	110.73221100172722	1.0262297035386336	0.3671644592638256	2.7950137265361987	0.00518975115966673	0.02155066159522626
PPDPF	166.40158761589944	0.8090682254083117	0.29341713263651376	2.757399399750077	0.00582631380896438	0.02399070391926509
AP000547.3	55.01213438424965	1.50392043982811	0.5469541379478313	2.7496280501155193	0.00596629462985429	0.02436236973857168
CD9	127.39409847517672	0.9149424286314164	0.33502785271423985	2.730944371397716	0.00631531304527634	0.02557440819987942
RDH11	62.887768119869186	1.3869204143282778	0.5088871230316727	2.7253989176730595	0.00642238385237548	0.02579482039068843
YWHAZ	210.5064960032711	0.6758380480586806	0.24827590833704635	2.7221249640589305	0.00648636097425043	0.02583997461286758
ARF1	151.0282203262169	0.8235893866504886	0.30306935431365717	2.7174947744737232	0.0065778194079771	0.02599299604765145
PLA2G12A	128.47449170396138	0.915806120151202	0.3374200196814295	2.714142809356267	0.00664475145170448	0.02604742569068158
YPEL5	93.8362781142282	1.0703575677959836	0.3988822623213544	2.683392241025909	0.00728794575658653	0.02811884583249924
VDAC3	112.7526191085624	0.9583735787488178	0.3568754966253091	2.685456378516886	0.00724308288452125	0.02811884583249924
MTURN	147.55673945322212	0.8387140580575624	0.31676095125970893	2.647782356765022	0.00810216680633336	0.03101610730549493
FKBP1A	128.00304670332838	0.8759279363654506	0.3316152359189988	2.641398348112712	0.00825645793352668	0.03136173943742694
NDUFAF3	87.87381323795846	1.0822798288108837	0.4106265292228144	2.635679265193351	0.00839690588921359	0.03163990280831852
HMGN1	91.68184319664724	1.0571176623848078	0.4014597330782019	2.6331847886196043	0.00845883115895862	0.03163990280831852
CALM2	123.52104946905835	0.912103963438899	0.3497610828515084	2.6077914558210984	0.00911284544717839	0.03227521140637009
BRK1	76.53865484936661	1.1494379946932824	0.440814105556918	2.607534514443678	0.0091196876073528	0.03227521140637009
MGLL	60.23249332581517	1.3011194809742532	0.49924238602603926	2.6061879307386975	0.00915562119486825	0.03227521140637009
RIPOR2	132.6548171641726	0.8971292728144891	0.3441687196050259	2.6066554620188915	0.00914313082513002	0.03227521140637009
AL731557.1	61.28909635879384	1.291746435905764	0.4935416384979632	2.617299808455969	0.00886284588473932	0.03227521140637009
NFE2	64.68347972009762	1.293669330891649	0.4939177779278496	2.619199771101629	0.00881363164279667	0.03227521140637009
LYL1	76.32591456278236	1.1554717992899426	0.44156867602101046	2.6167431297480976	0.00887731181554851	0.03227521140637009
FXYD5	114.7547194553867	0.920933205532102	0.35290016588930584	2.609613977401674	0.00906444443027088	0.03227521140637009
YBX3	63.36655600892273	1.3011291593850165	0.5014347922762948	2.594812285518638	0.00946425925900616	0.03312490740652157
SWI5	52.89431498669038	1.3715984651549629	0.5317724992907162	2.5792955953615793	0.00990020300805103	0.03416267235172541
RSU1	94.36264639489367	1.0214168146526217	0.3957079074868497	2.581239331656686	0.0098446306026932	0.03416267235172541
EIF1B	72.05192203925571	1.1700712935851634	0.4543015289024963	2.575538973887733	0.01000839932475177	0.03429451516872986
PDZK1IP1	122.83026815337485	0.9497234279862566	0.370240817536723	2.565150526365334	0.01031310534498202	0.03437701781660674
SOD2	142.93511072817225	0.8100614772466396	0.31568935293999983	2.566008228350357	0.01028763877145837	0.03437701781660674
CAPZA2	90.84993667027533	1.0340926324267838	0.4025654890524204	2.568756290711568	0.0102064208508571	0.03437701781660674
AP2S1	81.18494287441571	1.1266304111429826	0.4382493736630518	2.570751902566763	0.01014779958699879	0.03437701781660674
FKBP8	64.01673308869798	1.2471694168945753	0.4879173332274426	2.5561080370826006	0.0105850248808116	0.03504501480809249
MARCH2	149.44138254092508	0.793661045081119	0.3114104066146538	2.5486015503111075	0.01081557929998197	0.03556801246302797
CTTN	74.93911398409804	1.1320304821631664	0.445272374140648	2.5423326213487307	0.01101153273936409	0.03597100694858938
MCUR1	89.48057474740861	1.0299415937477367	0.40889091107696474	2.5188664405256804	0.01177333055479105	0.03820484749567959
PLEKHO1	138.14110146396845	0.829585702163719	0.3336229675277983	2.486596496371599	0.01289715874698795	0.04130462605244508
ATP5MPL	82.64410538895014	1.0500308890061631	0.4229392120311507	2.482699307929919	0.01303911018059229	0.04148807784733911
LCN2	52.10363731194204	1.3721806087634945	0.55396312288376	2.4770251882839207	0.01324825519760612	0.04163861365128376
BIN2	100.75146094852516	0.9575222267019328	0.38659549172027174	2.4768064998408352	0.01325637495836789	0.04163861365128376
CAPZB	84.76839857073672	1.0775597013481413	0.4394723942270061	2.4519394517225033	0.0142088568604064	0.04434611376814738
SMIM5	67.22938700340507	1.1713934462200724	0.4784000555607919	2.448564611571663	0.01434267032195612	0.04448043327695252
EIF1	244.6361367732359	0.5553120372756568	0.2273010034122511	2.4430690095480965	0.01456295229042707	0.04487953850508973
GFI1B	52.398088441819226	1.4449746601763196	0.5920359499962308	2.4406873605995028	0.01465933951302956	0.04489422725865303
TSC22D3	95.17237868960711	0.9834112473775544	0.40427772931699574	2.4325140270253613	0.01499441071406445	0.04563516304280485
CD151	73.26334471133168	1.1030060713635423	0.45539403778622795	2.4220915950623794	0.0154314604503461	0.04667540506586167
RAB8A	76.94756587091074	1.0547631119051606	0.43863478564732394	2.404649942089233	0.01618796385732186	0.04866320423366695
MPIG6B	100.9633321309162	0.9995208430748168	0.41700874192618725	2.396882229513877	0.01653523738451964	0.04910464435402803
PARVB	83.10533237794711	1.0190934664160136	0.42491425214465584	2.3983508702576493	0.01646908115214748	0.04910464435402803
F13A1	173.92185220670038	0.6733795123062059	0.2816974198638154	2.39043549859898	0.01682840482211124	0.04937675666367969
C9orf16	140.04965699171635	0.7548419796012269	0.3155152856840533	2.392410174247789	0.01673812470418635	0.04937675666367969
TPST2	75.31227858981372	1.0577220148413409	0.4434636084314947	2.3851382497482554	0.01707270408136361	0.04979538690397721
ZCCHC17	72.46631549659497	1.117435878162172	0.469744053683076	2.378818570242246	0.017368222045388432	0.05035756687716174
MAX	167.2798153748153	0.6858705310047734	0.2894932252241456	2.369210990943657	0.01782608090248641	0.05138105671893142
UQCR11	108.8884067107731	0.8504054551185453	0.36528831329601025	2.3280390424903135	0.01991003061581596	0.05705213451315687
ICAM2	80.36586167225946	1.018101849542314	0.43955138490975426	2.316229420483668	0.02054574563460246	0.05819315237546361
PGRMC1	168.8325227084262	0.6903051097659055	0.29795507588682035	2.3168093636643436	0.02051411874182253	0.05819315237546361
CAMTA1	59.862682892633416	1.1438232627011222	0.49849734352296426	2.294542343230019	0.02175936576216084	0.06092622413405036
HACD4	67.25404630340427	1.1037921995058897	0.4808668519138691	2.2954216850522196	0.02170896978969309	0.06092622413405036
RAC1	121.40559289560083	0.7946804817063002	0.3488041218759827	2.278300145744404	0.02270870099203825	0.06286589540168781
MMD	128.39613503320237	0.7647778628252614	0.3353649540006218	2.280434653955653	0.02258192228210315	0.06286589540168781
TAF10	70.62550857309529	1.042658259853088	0.4585515836967399	2.2738080009394173	0.02297753298995195	0.06289939198366734
LAT	85.19636421224594	0.9463729153620491	0.4161005765057944	2.274385013616703	0.02294284770680049	0.06289939198366734
SNRPN	69.74515255091816	1.0737935251126247	0.47352447849629825	2.267662124928604	0.02334980801435433	0.06356336626129791
UBB	149.108187627765	0.6859973236581692	0.30399253891253336	2.256625528087546	0.02403148383787827	0.06505760817989145
PSAP	67.82724811572747	1.0529514875936297	0.4679318340494606	2.250224094568296	0.02443472352875974	0.06578579411589161
CCDC85B	87.16271814324182	0.9164264725381404	0.41061282632104046	2.231850575027157	0.02562484041691869	0.06861296067918121
TPM4	216.7407254786458	0.5606716253298379	0.25242442320163144	2.2211465048371526	0.02634104009281009	0.07014733502976601
TUBB4B	94.74938318477932	0.884562368880854	0.4003489687266936	2.2094783251077104	0.02714138838692631	0.07188800167348051
CD99	172.96140130537782	0.6266305660469406	0.2844817275151	2.202709367383463	0.02761523961109492	0.07274982478191674
RHOA	137.66030755589264	0.70204633629588	0.3191311171516744	2.1998680121256124	0.02781626081890136	0.07288752834899287
BEX3	164.75501190792798	1.2816668221785401	0.5837111389716649	2.1957210281038613	0.0281119171165146	0.07313601619092731
FLNA	105.47733155360596	0.81387046389536	0.3708921099309575	2.1943590658934857	0.02820960624507196	0.07313601619092731
USF2	60.21753973833825	1.1042572353474736	0.5063704929422925	2.1807298228045013	0.02920340585565886	0.07531404668038338
PARK7	136.19640946551735	0.7125920788036328	0.3296880608402812	2.1614130550783006	0.0306634465349452	0.07866538639855052
UBE2E3	65.96813343221694	1.0198891545319035	0.4744936439978372	2.149426377851654	0.03160061633016815	0.08019275707756425
AKIRIN2	70.38424251486416	0.9864518656043048	0.4593389642538825	2.1475466754853403	0.03174978545519891	0.08019275707756425
AP1S2	59.834157120986546	1.0700544989812115	0.49822530829766337	2.1477321227164765	0.03173504196664185	0.08019275707756425
MGAT4B	67.83920433574994	1.0248291154189515	0.4784932491080339	2.1417838544835273	0.03221087924455449	0.08094015810170103
DOK2	67.08265711268257	1.0772341048929222	0.503753006317045	2.1384172230923575	0.03248289585064332	0.0812072396266083
SNAP23	100.96120386765496	0.8171471897474576	0.38344378198348017	2.131074301219631	0.03308302148385408	0.08228771841161675
GADD45A	60.96773542141727	1.0673920456279773	0.5029988391156934	2.122056678111874	0.03383297877174471	0.08289079799077456
C4orf3	62.55544231090232	1.055508067036974	0.49703168111123286	2.123623316479815	0.03370165423822435	0.08289079799077456
ATP6V0C	80.17304510983351	0.915373838785758	0.43071003910812133	2.1252670141639567	0.03356433902891771	0.08289079799077456
PTPN18	113.25929822591009	0.7763074653006831	0.36708593370898424	2.114784016529815	0.03444835975314687	0.08397858845294509
ASAH1	74.14543894189525	0.9441474736237606	0.4471397047767885	2.111526808148424	0.0347270561660827	0.08423889862069567
TPT1	275.99142952587783	0.4460027231089101	0.21168903035152103	2.1068768767484007	0.03512825345316057	0.08479233592142206
TRIM58	75.04883829992409	0.9289793475252404	0.4435698971074528	2.0943246004365332	0.03623107434824804	0.08660110453971483
SCN1B	54.898900401855414	1.0904097638195958	0.5201612567647216	2.0962917742118727	0.03605631599974854	0.08660110453971483
PRDX5	75.76328756717466	0.9230325876962774	0.4418952718996587	2.088803946075872	0.03672537505695317	0.08735647465003422
CST3	135.2764405558641	0.6726412026608884	0.32291088916355115	2.083055187154752	0.03724619347443178	0.0881673178863361
DAD1	54.53295644032132	1.0812532081794153	0.5205645973078613	2.0770778761583037	0.0377943721539387	0.08903481901649021
PPP1R14A	67.10806327263602	0.9987147656402616	0.4822216370010109	2.0710699997855304	0.03835225493976327	0.08991676995446893
SPINT2	76.71987199684955	0.9070297130805252	0.43862671133100406	2.0678852647349304	0.03865081334536977	0.09018523113919612
CTDSPL	55.719719812398104	1.0761458424038015	0.5242070122143796	2.052902417039208	0.04008204256802079	0.0930815206555933
CD68	61.49323459788955	1.0694424269251	0.5231197453921701	2.0443549232181346	0.04091849701618084	0.09325610947873772
NT5M	76.3007429636694	0.9011490769684418	0.440584853816593	2.0453473812415095	0.04082062258149918	0.09325610947873772
TRAPPC5	84.41216032172493	0.8786903049197828	0.4295218356274123	2.045740709866961	0.04078188815004053	0.09325610947873772
DYNLRB1	63.04045949570527	1.0183936961174418	0.4977654748451936	2.0459307597301017	0.04076318348050311	0.09325610947873772
SQSTM1	114.93120102702878	0.7223381355767635	0.35515622088014287	2.0338602933285976	0.04196568337317357	0.09389582124591347
STMP1	87.43586414565372	0.8405648753452373	0.4126541492684335	2.0369718245543336	0.04165286558073191	0.09389582124591347
RIOK3	118.91622485647338	0.7247554692244375	0.3561111964761742	2.035194277506879	0.04183132863408809	0.09389582124591347
UBL4A	61.836257467810874	0.9969240223149948	0.4891224012966946	2.0381892542073023	0.04153100974299318	0.09389582124591347
NDUFA4	106.78329039319055	0.7496684231094898	0.3690355673368013	2.031425936853677	0.04221180556397766	0.0940172033015866
RNF11	81.27809763861735	0.8610555888389719	0.42570472465626286	2.0226592259088387	0.04310829344046136	0.09557947414400936
SRP14	132.2011676244367	0.6518542674729969	0.3257624280341124	2.0010112013431387	0.04539118277939806	0.10018774577434708
TMEM219	66.81361214275883	0.941161156962484	0.4719518348456062	1.9941889986938488	0.04613140396021557	0.10136496834307458
NDUFA6	94.3263876799515	0.7846014480987331	0.3976941180498113	1.972876672016712	0.04850961501832106	0.10588480190402848
SSR4	141.10487862138805	0.6176143221362521	0.31320710226595705	1.971903950031792	0.04862057230287022	0.10588480190402848
ESAM	79.48960668257051	0.8473999117879862	0.430585278477383	1.968018773852476	0.04906587763467908	0.10591312793388875
PFN1	165.67179470629716	0.568874394144247	0.2887960114349665	1.96981388807148	0.04885970430832543	0.10591312793388875
CLIC1	134.93515589432923	0.6338776078124323	0.3227406695320519	1.964046268886732	0.04952472643387275	0.10596993865763166
WDR83OS	71.02333247881016	0.9005170748733762	0.4583146703720036	1.9648445338711216	0.04943223403574533	0.10596993865763166
DAPP1	110.95252873757256	0.7074875788058095	0.36171009736434295	1.9559519735861068	0.05047081192451709	0.10752477323049296
MFSD1	84.36059121422633	0.8143552611582663	0.4179587505464553	1.948410602944781	0.05136585213442822	0.10895786816393864
GABARAPL2	100.20714171292828	0.7476657130696843	0.3863686686792438	1.9351095823206688	0.05297684989112168	0.11189076054590356
CLCN3	54.073345415471834	1.0280036206079302	0.5333530598615337	1.9274354981197912	0.05392537928281937	0.1134053040711652
SERPINB1	104.4874857764433	0.7414002038082509	0.38511148696042186	1.925157334723815	0.05420967790174128	0.11351599218740696
RBX1	117.98429972679769	0.6947405929804448	0.3614986192803819	1.9218347067643904	0.05462655969874525	0.113902188308022
LMNA	90.26438858305484	0.7828286139151913	0.4100833200105522	1.90895014675322	0.05626852311212707	0.11682871324128076
NAA38	54.17971555876396	1.0236525002648331	0.5411980726079477	1.8914562931313008	0.05856346012270344	0.12108057156170754
NCK2	86.72863552258475	0.7748164429085308	0.411639967258852	1.882267283393554	0.05979973425843587	0.12311709994383854
IFI27L2	65.2910465449423	0.9181365309830136	0.48840261784960193	1.879876350838364	0.06012493167083408	0.1232686883627979
ARHGAP18	124.680390734522	0.6377215808088149	0.33981458881620175	1.876675109889836	0.06056263601851447	0.12364871520446705
HDGF	57.79331299087933	0.9399842137769104	0.5053615195711738	1.8600233246380475	0.0628822260449423	0.12785182888805696
CDC42	122.65536929608491	0.6270834583942237	0.3407811822858124	1.8401352275029383	0.06574838654818299	0.13312689838268457
SVIP	96.95487491074508	0.7090503627885388	0.3872570637497418	1.830955272766181	0.06710721929624688	0.13525522318116762
UBC	188.90110656828145	0.49018460987867046	0.267959910922176	1.8293206927548031	0.06735158052286715	0.13525522318116762
TMEM91	50.63212852251036	0.9855215881497464	0.5398284494528395	1.825619952317544	0.06790752825861372	0.13581505651722744
MKRN1	53.45978385571826	0.96888287065661	0.5322042125604053	1.8205095859639435	0.0686814377833191	0.13680448989360308
H2AFJ	100.10799221381774	0.6886036726627823	0.3823173814919272	1.8011309608148758	0.07168224083918626	0.141061437795989
ITGB3	55.28875680343444	1.031588352287664	0.5724494784624764	1.802060078835907	0.0715359537154684	0.141061437795989
MAGED2	57.11461013945721	0.9189630681874512	0.5100927808871059	1.801560623126789	0.07161456123191662	0.141061437795989
SKP1	106.43727015581476	0.6610738895101774	0.3681772304003311	1.795531703009907	0.0725690263235982	0.14166861712574946
VAPA	65.41572444824527	0.8657391662851358	0.4819653788606379	1.7962683716654833	0.07245184547788154	0.14166861712574946
UBL5	78.06792879225097	0.7796077197848863	0.4361808043943033	1.7873499061185836	0.07388095263874743	0.14365740790867557
RPA1	65.74043955815577	0.8474539938456661	0.4749005343338793	1.7844873454066543	0.07434450928099406	0.14398738951654977
DNAJB6	113.95879390568372	0.667992181977581	0.37704023026340894	1.7716734935975038	0.07644877210771149	0.14747991469597885
PPIA	102.14422301232304	0.6904790251721195	0.3903628889869927	1.768813185505262	0.0769250556036715	0.14781677351293737
UBAC2	50.1661659576725	0.9532646927085096	0.5433466668866552	1.7544318403030992	0.07935653950099242	0.1518933763886183
IL7R	51.90328911726597	-0.9535072330257272	0.5502833053074969	-1.7327569705079635	0.08313887384922564	0.15851380617167535
RHEB	50.32572117261069	0.9466134264636844	0.5500498594316917	1.7209593098373297	0.08525820784676931	0.16192450327487196
LGALSL	69.76756134341719	0.8017945360567278	0.4689152875341141	1.7098920793841603	0.0872858313827987	0.16513535667015972
NT5C3A	146.6276561969666	0.5458803198738132	0.32045115744001457	1.7034743273660882	0.08847933841042613	0.16674952238888
SMOX	59.80176487769202	0.8466789150865148	0.4987294281806702	1.6976718582160668	0.0895697120455355	0.16815769694372565
GTF3C6	56.04691999064929	0.8699892145251644	0.5164742605410629	1.684477390245462	0.09208944542411114	0.17222835212906282
ISCA1	65.96513606476249	0.8126439400427015	0.4831676093533005	1.681908977984661	0.09258649148185208	0.172499546867329
SNN	84.88222391905096	0.7112397203636616	0.4249314375206911	1.6737752436333433	0.0941747795101966	0.17479409833331946
CD63	92.25066623820904	0.6623633005351858	0.39775156644086435	1.6652688673538198	0.0958591267969489	0.17724895143586775
RABAC1	88.33626613622812	0.6728409315254884	0.40770903816564485	1.6502968257773212	0.09888224120098373	0.1814692816048016
DSTN	58.302242615727216	0.8355237316839337	0.5059083759163855	1.6515317228549418	0.098630048698646	0.1814692816048016
PRKCB	53.130333169966875	0.913039356859626	0.5590193074511904	1.6332876963097485	0.10240850324356308	0.18723942757218623
FYB1	126.88501335629456	0.5440997627252024	0.3345172482748805	1.626522296028524	0.10383859425653598	0.18803966848714865
DAB2	113.21668797097954	0.5886673599568164	0.36174879326835574	1.627282166274224	0.10367718373523097	0.18803966848714865
EIF2AK1	95.64591870370604	0.6349119901486121	0.390528729296547	1.6257753719995676	0.10399744930615772	0.18803966848714865
SERP1	79.42146802344753	0.6990661404061601	0.43229319671190375	1.6171111313418234	0.1058542945082222	0.1906933981949591
ARHGAP6	79.65164696584941	0.7132340562095301	0.44445768164594346	1.6047288317039254	0.10855349400927863	0.1948396046320386
AP2M1	71.68708174275535	0.7517162043274197	0.4712153744566313	1.5952709632919766	0.11065165586975284	0.1978806984532077
ITGB1	149.04427224536914	0.47042859590935154	0.303525068108629	1.5498838327942956	0.12116940073497136	0.21590184130958537
HIST1H2BJ	95.71741153536294	0.6000696359747649	0.3899679245545394	1.5387666476934607	0.1238612749192405	0.21989864025517333
TST	50.279756745146216	0.8277969895935832	0.5431904297332928	1.5239535608166597	0.1275203122880823	0.2255774477298207
CCDC92	53.66865767065485	0.7938737756469672	0.5234879952239941	1.5165080821142387	0.12939092824066048	0.2272457162649593
CDC37	52.29294420779979	0.8056299089549909	0.5311109473978899	1.516876865186213	0.1292977756214128	0.2272457162649593
AC090409.1	61.68640796539497	0.7371749492123006	0.48917021890058093	1.5069906562773074	0.13181305223292428	0.23067284140761748
ANAPC5	65.04591401506352	0.7186555460517933	0.480814500856511	1.4946627956760832	0.13500246858444076	0.23541355731806396
ACTN1	63.53443553307624	0.7349063076439298	0.4925645091342279	1.4920001218432524	0.13569911339616805	0.23578923958908632
TERF2IP	68.54118508386428	0.6944139744719181	0.4668440919689312	1.4874644156750554	0.13689219478506634	0.23702182135930216
NEXN	80.94564958541153	0.6527054863514047	0.4433525528937925	1.472204190753276	0.14096574609010712	0.24321554783152283
ACP1	54.146454211276215	0.8624759508186589	0.5889446985668287	1.4644430163264166	0.14307294200358367	0.2459850581816
WBP2	90.92975381114752	0.6036329233674724	0.41514007785600354	1.4540463702876936	0.1459334506408592	0.25002584200706646
ENKUR	77.91721018564184	0.6331164720207664	0.4376994532561016	1.4464639316109098	0.1480471214626212	0.25276337810691424
SH3BGRL2	79.12141221353625	0.6549708818310882	0.4535705980377292	1.4440329348169212	0.14872971123573353	0.25304707814412997
TMEM50A	131.06072548490388	0.4733389018159486	0.3287584061509169	1.439777334845278	0.14993040557881632	0.2542072620540484
NEAT1	80.5466455874349	-0.6225873951062194	0.4388589039514408	-1.4186504808276783	0.15600094078721266	0.2635877965025317
LINC00989	54.56096991285444	0.7224890241905383	0.5193344467920699	1.3911825580863253	0.1641700749299526	0.27643758321538414
ANXA1	90.4426874298896	-0.5650901455780232	0.40868543877339386	-1.3827019315247782	0.1667562794223981	0.2793618277832842
STOM	58.33960499570315	0.7113816336041938	0.5155308823072757	1.379901103926852	0.16761709666997052	0.2793618277832842
CD3D	54.17518129396828	-0.7413442594521318	0.5368267353756437	-1.3809749228182109	0.16728667131883784	0.2793618277832842
TNNC2	64.84587680845598	0.6828924811257637	0.49960556266383144	1.3668632460468824	0.17166817416765884	0.28514374692255195
SELENOT	61.94124620779604	0.6814493961282829	0.5036476534806534	1.3530280373965038	0.17604667347740155	0.2911420745516576
EVI2B	50.77357728848291	-0.743464043941496	0.5500169632590264	-1.3517111173012444	0.1764677472282496	0.2911420745516576
AC127502.2	113.96849961820602	0.5207923840439668	0.3889340650803558	1.3390248651435774	0.1805625782957447	0.2968981992111238
GABARAP	93.36929095116284	0.5359188004613779	0.4020251556575207	1.33304792727428	0.18251607620378216	0.29910661317676673
SEPTIN7	151.56165375702977	0.3986184015728786	0.3008153153712073	1.3251266847267462	0.1851291368575416	0.3023775902006513
NENF	56.82264407792073	0.6693429737311181	0.509421142484464	1.3139285316402651	0.18887025609169372	0.30746320759112933
GUK1	62.96297192913948	0.6344259791481929	0.48384979316074866	1.3112044029280354	0.18978871523590457	0.3079353326675273
PLEK	119.98588777450826	0.4584701979415992	0.3539982615910381	1.2951199135301232	0.19527886637329825	0.31579750667629086
PTPRC	74.66427559031062	-0.5845394141532186	0.45661023857179345	-1.28017150027465	0.20048482676377935	0.32314988524424965
SELP	51.58011090469671	0.7041491380013515	0.5567652749542891	1.264714538921564	0.20597367623912025	0.3291205514375367
GUCY1B1	51.403117033940894	0.6802374810117672	0.5381318103378472	1.264072236474376	0.2062041005945383	0.3291205514375367
CD226	65.68500397900951	0.6261244036475857	0.49398473208561106	1.2674974811550934	0.204977463695501	0.3291205514375367
C2orf88	161.11557508355165	0.7188434115576618	0.5730971024679412	1.2543134635685471	0.20972809217823105	0.3336583284653675
NPM1	71.39283192392337	-0.5796761035522779	0.46450022460582696	-1.2479565624412534	0.21204696497311937	0.336255704973555
MAP1LC3B	72.79387247992564	0.5609042954744224	0.4505589936149797	1.244907555776674	0.21316573319325752	0.33693938472482643
HIST1H3H	98.66027362019204	0.4794501815775166	0.38695291714533586	1.2390401010917813	0.2153306476654904	0.3392669368363032
AP003068.2	55.9613426757087	0.6311622907868641	0.5164400526266344	1.2221404741494155	0.22165450960043384	0.34699907253742035
JUND	67.34420370015147	0.5780512285115108	0.4728233046787473	1.2225523209019045	0.22149883084667615	0.34699907253742035
TMBIM6	66.25820579133271	0.5783664796344505	0.4763548873706327	1.2141504054401495	0.22469029489559697	0.3506313519071418
CMTM6	62.95188481331023	0.5877807334966485	0.48500692819447017	1.2119017261975478	0.2255500013063001	0.3508555575875779
GMFG	74.81341148256759	0.5342238706184173	0.44441095634756134	1.2020942845536322	0.22932700051677932	0.35560199447222113
CXCL8	87.97367634722795	0.4915940966695441	0.4103148053943738	1.198090076708416	0.23088195160396113	0.3568837737726844
YBX1	114.5370880989273	0.4214275019495815	0.35314660236860723	1.1933500113635642	0.2327323237136997	0.35861270006199014
IQGAP2	58.10469047746039	0.6177995222285478	0.5197628304744999	1.1886181273573346	0.23458997129158243	0.3603419621720232
ANKRD12	56.329616211549215	-0.6270069530182919	0.5286197042710843	-1.1861210392882993	0.23557450294539492	0.360723457635136
WIPF1	69.48194682186906	0.5748967709884709	0.4894460698856575	1.1745865507159474	0.24016016660084108	0.3665993141247773
ARPC4	65.03009132339338	0.6065974529904604	0.5172568634151016	1.1727199693117702	0.2409081207105679	0.3665993141247773
MYH9	92.9041974905182	0.46345145390413567	0.3970683058747924	1.1671831950502638	0.24313639591216124	0.3688446872970867
AMD1	74.47125771683947	0.5273134631992603	0.45319193878450265	1.163554375246739	0.24460465016734095	0.36988231173245045
TRIR	75.13812659247807	0.5200473922392996	0.4476348297120965	1.1617670425104687	0.24533010472050287	0.36988231173245045
S100A11	76.21063138393313	-0.5188904427543272	0.4482042152942273	-1.1577098676184856	0.24698245573970773	0.3706248521618368
ATP5MG	87.3949920991096	0.48815540600890867	0.4219710184321563	1.1568458133041035	0.24733536052432775	0.3706248521618368
CAP1	81.52058960612118	0.4956793313653061	0.43061626312684514	1.151092919171275	0.24969401073601036	0.37301849164830814
MBNL1	117.99735961185388	0.42169197987266505	0.36954426147679087	1.1411135926924665	0.25382265551620825	0.3780337422581825
TMA7	107.4290887022044	0.4072773452655864	0.3660379448541212	1.1126642769997537	0.2658526433552497	0.3911945803125296
HNRNPK	78.05546027311476	0.4915596681905669	0.4396265114579539	1.1181301749987385	0.2635114005735326	0.3911945803125296
MYL12B	124.00839622816774	0.3769100591464721	0.33832275601666273	1.114054707948492	0.2652557174463175	0.3911945803125296
PSTPIP2	55.89707048823339	0.5803141040299944	0.5200173251379516	1.115951480801235	0.26444290372672746	0.3911945803125296
NORAD	99.33424089577328	0.4500342159973973	0.40679931099122174	1.1062806741260889	0.26860505394044826	0.3938483014536436
ATP5F1E	185.70873318281213	0.29538891933898276	0.26737838309348594	1.1047599133535908	0.2692636346672869	0.3938483014536436
NDUFB4	57.49112891770681	0.5590691315302132	0.5071864210098542	1.1022951490244075	0.270333377624312	0.3942361757021216
ENO1	61.38173882388175	0.5474577911428661	0.5014287786049404	1.0917957135726957	0.27492290353888493	0.3984338220250522
WASF2	51.238826243161824	0.6021530045535499	0.553298725686667	1.0882963878260383	0.27646428467044437	0.3984338220250522
CHCHD2	74.35305359776383	0.5028735252134666	0.4619587214709694	1.088568094595587	0.2763443928658467	0.3984338220250522
EID1	58.89063257636785	0.5568619183881766	0.5109902159250872	1.089770216793768	0.2758143765948748	0.3984338220250522
PPP1R15A	61.494460507162245	0.5215019265624061	0.48961873587372434	1.0651184040818746	0.2868223518736989	0.412149420580975
TXNIP	61.54275450893314	-0.5282910512835176	0.49829413822307805	-1.060199209180764	0.289053980818075	0.41401152399681
YWHAQ	55.300947584297425	0.5470424046507879	0.5176942044614014	1.0566902235653186	0.2906529882753115	0.41401152399681
PAIP2	92.58035148480091	0.42211686685959393	0.3989388969540389	1.0580990474544412	0.29001028865370054	0.41401152399681
GNAI2	54.244344551318754	0.541470770435347	0.5207920676196615	1.039706255339487	0.29847639351743643	0.4239229936914315
TLK1	83.28130165047541	0.4504745202365848	0.4374626478018607	1.029743962141923	0.3031302126438595	0.4268212764238251
CDKN1A	56.145557190646095	0.5431031878521115	0.526617414503005	1.0313050288408423	0.30239780083683576	0.4268212764238251
LINC01578	68.93987809377238	0.47705171309143346	0.4626127643816151	1.0312117386754758	0.3024415370490578	0.4268212764238251
CLEC1B	102.4112520355871	0.38925198339807904	0.3793586680296518	1.0260790544732037	0.3048543223189993	0.4280189625682225
IDS	55.61990252013954	-0.5346083601341837	0.5225894580983484	-1.0229987456684848	0.3063084388795643	0.42883181443139
JAK1	80.43546080149564	0.4342349368649734	0.4287237423899016	1.012854885162995	0.31112948020735803	0.4331063786977427
RTN3	65.65734731155587	0.48384197097680975	0.4769558959301556	1.0144375509463512	0.31037401386430846	0.4331063786977427
ATP6V1G1	62.21526131440117	0.4960850616836821	0.493452986136123	1.00533399456789	0.3147360511995535	0.4356515962931673
ATP5PF	51.26261643896781	0.604331597597404	0.6003809727630007	1.0065801965978738	0.31413655499819404	0.4356515962931673
MBP	81.62455374787885	-0.43156496023920016	0.43121538721379826	-1.0008106691824254	0.31691835046347827	0.4374365964143784
ARL6IP5	146.97738741195576	0.3036254036731338	0.3070518730715664	0.9888407474471456	0.3227410644391475	0.4442222516156806
ANP32B	74.56105830850721	0.43837450599318567	0.4447084973117168	0.9857569815804726	0.3242523802170895	0.4450522865724758
CCL4	61.71915701376897	0.4849627377120863	0.49450709583688934	0.9806992494037918	0.32674107414211523	0.44721543667496216
MYLK	63.520351049792545	0.4690949978206725	0.4855837382443114	0.9660434666052532	0.33402243127789727	0.45535625885670866
SUMO2	94.13392792260504	0.3825768383995004	0.3964548507371263	0.9649947218155548	0.33454745548656145	0.45535625885670866
UBE2B	53.4536668765704	0.5258928643197359	0.5480454758842206	0.959578880696454	0.3372672023544099	0.457786507350861
RASGRP2	81.12686673289448	0.4184337799075232	0.4382564472387855	0.9547692510717092	0.3396944004631711	0.4598073376435189
EIF3K	52.903352906064654	-0.5089710211489149	0.5348421254378245	-0.9516285216544388	0.3412854113987616	0.4606882963784937
MOB1A	76.58059731114915	0.4151899594668004	0.4387468402707835	0.9463087169141906	0.3439911486044038	0.46237999021037735
C12orf57	67.36412742430979	0.4441490942012063	0.4697721503262276	0.945456417313739	0.344425911075077	0.46237999021037735
MORF4L1	82.98685052059822	0.40107560860705627	0.4269460000341531	0.9394059402710708	0.3475223642903218	0.4652621817001576
HIST1H1C	68.98197604958918	0.43216161658902863	0.46380606171481614	0.9317722476312847	0.3514542398739541	0.46924408048566074
DNAJC15	50.54903627591046	0.5150750432962229	0.5546286937779328	0.9286844497491024	0.3530526418750666	0.4700972677140832
LRRFIP1	58.41918757573485	0.46590963983902767	0.5042264722359131	0.9240086855674684	0.3554817936852076	0.4720489943245304
EMC3	87.82844017641398	0.395927186621627	0.4322892457229262	0.915884886193525	0.3597272747068482	0.4748596889315331
CCNI	68.50966194476297	0.4242645368538853	0.4642783446802844	0.9138150458989128	0.3608140391054192	0.4748596889315331
EIF4G2	82.67409163071021	0.39085265630186866	0.426228788607673	0.917002011005956	0.3591415863267338	0.4748596889315331
AP001189.1	97.87768569381848	0.3559343486294959	0.3900400630237025	0.9125584327676256	0.3614748244315547	0.4748596889315331
ANO6	80.08221991993828	0.3895269754022363	0.4318985245623042	0.9018946656439538	0.36711282530834694	0.4809766962595989
VPS28	73.78233685378133	0.40057008294339663	0.447160842546803	0.8958076039528666	0.3703555280251243	0.4839312232861624
ISCU	60.721343732470466	0.4705866674040168	0.5329539927283177	0.8829780315463484	0.3772481411215974	0.491626566887188
EEF1D	94.73798508088151	-0.3464322731765467	0.3964622690867352	-0.8738089351467558	0.3822223136659702	0.4960719442722701
CD44	70.1685839276317	-0.4064189288837969	0.46556341374250904	-0.8729614847024396	0.3826840712957512	0.4960719442722701
VIM-AS1	75.88484585878422	0.741975890671249	0.8679642704162671	0.8548461220821967	0.3926363409367347	0.5076300977810027
MALAT1	366.5518087757293	0.15159744534536243	0.17815711609375412	0.8509199557630085	0.39481381864353576	0.5077658035048098
RNASEK	101.90003865344372	-0.32621364795074415	0.3830678054182669	-0.851582000201128	0.39444613341705215	0.5077658035048098
ARPC2	120.3322648169635	0.29165371241865173	0.34350846376145555	0.8490437447305124	0.395856951313941	0.5077746234131704
ABHD17A	56.36477126145768	0.4421984737754666	0.5257411261081422	0.8410954589930801	0.4002944588532443	0.5107924084325253
MSN	83.16471349554726	0.3578350616140698	0.4250007907875075	0.8419632842353478	0.3998085052478705	0.5107924084325253
SLC40A1	74.1252374794637	0.39448225753476135	0.4737178093854783	0.832736810225683	0.40499317941341745	0.5154458647079858
CYTOR	86.06386166041206	0.3296689766898809	0.4139814574017801	0.7963375431328277	0.4258358697273896	0.5405688501720749
ATP5MC2	52.40637950123923	-0.4197016920949064	0.5418215622798433	-0.7746123840640662	0.4385687373035885	0.555293750074311
RAB27B	84.89528380410717	0.3300520149214274	0.4342157384298229	0.7601106678328513	0.44718843653426793	0.5647482832520394
PTP4A2	108.90817494089713	0.2726029129215626	0.3635257879215182	0.7498860382923234	0.4533233439589139	0.5710242635986319
SUPT4H1	71.0793594238764	0.33918808866539263	0.4595564737531823	0.7380770548073339	0.4604676261006309	0.5785362481777158
CD74	61.231020217272615	0.35500369986902996	0.49094866879055354	0.7230973876425361	0.4696200541389369	0.5882811344458123
DDX24	51.8451339089385	-0.39970933479076615	0.5540263660722675	-0.7214626582205437	0.4706249075566498	0.5882811344458123
COX7C	77.81403872084937	-0.3143476896584952	0.4396931133417856	-0.7149252060587632	0.4746552608376202	0.5913217229995359
ATF4	59.908491826063624	0.3541290316826654	0.49625297987513567	0.7136058543603493	0.475470936452688	0.5913217229995359
FYN	54.95492734692165	0.369050544118642	0.520469225181192	0.709072748710865	0.47827933301439135	0.5933085396887386
PDGFA	61.96925968032916	0.3563629379783213	0.5043706688186128	0.7065496865886949	0.47984636511221873	0.593749290164109
GNLY	67.0908259278636	-0.3194172512348193	0.4764777150345381	-0.6703718582340539	0.502620769664669	0.6203631665886342
NCL	64.59336814036135	-0.3230126293399307	0.4856688801371505	-0.6650881754019601	0.5059940972652059	0.62295755693455
CD47	56.46080114887482	0.3663823872142346	0.5581425108198427	0.6564316104072846	0.5115464572630235	0.6282149475159938
S100A6	65.39600203513216	-0.3255900608078129	0.5009076269246275	-0.6500002062392334	0.5156920883925946	0.6317228082809284
HINT1	68.4133543190726	-0.3045742704966926	0.4705263707719006	-0.6473054209417363	0.5174342937718294	0.632276319072809
NDUFA1	54.382594638791666	0.33560766996864055	0.52185264902399775	0.6431081083833061	0.5201539535413309	0.6340185005852043
ARPC3	104.21505338419033	0.2383399107030889	0.3732766202557207	0.6385074707861674	0.5231433924623319	0.6345055997686698
TMOD3	70.87932221726886	0.3033771732164819	0.4740899460410673	0.6399148004505507	0.522227991212723	0.6345055997686698
YWHAE	63.72922486472915	0.3155395958183809	0.4972913296086969	0.634516584205619	0.525743747214538	0.6360850274941324
COX6B1	85.93531728546144	0.2603053084804164	0.4135659197527908	0.629416729105759	0.5290762686205002	0.6385403241971553
PSMA7	74.25078448695989	0.2810304768466153	0.450517371891036	0.6237949841245778	0.53276223415332	0.6414090779732846
CYBA	57.27101249290669	-0.3267877079956672	0.5263347930868643	-0.6208742273698319	0.5346823797103188	0.6421430540638633
STK4	66.36442044059058	-0.29483818230386144	0.4766053121290827	-0.6186212675363721	0.5361658879502569	0.6423503303071537
SUB1	66.65141636544566	0.2993632050668015	0.4897599147353258	0.6112448080373875	0.5410375233795823	0.6466058206243789
PABPC1	109.17232884094572	-0.2116435713101992	0.37526530799285224	-0.5639838450353915	0.5727651266144423	0.6828586667666101
SPNS1	79.61239088345276	0.2451978185375085	0.4365340768018751	0.5616922745959961	0.5743256987709295	0.6830572631013482
SET	56.886403966282295	0.2848566191488341	0.5100814629212717	0.5584531880798816	0.5765349617487642	0.6840245308883642
SLC25A3	58.18514216168531	0.28474527274394024	0.5175044637926732	0.5502276650081557	0.5821632307229184	0.6890337754933092
CMPK1	64.27303180121226	0.27122047593240367	0.49838882069814855	0.5441945418287574	0.5863076074334725	0.6906027106788499
PTGES3	54.548858198797696	-0.28769333959272736	0.5285164057344092	-0.5443413609705419	0.5862065896731085	0.6906027106788499
UBA52	152.5432542917833	0.16256704648924994	0.30227686564916834	0.537808429831776	0.590709311587309	0.6926968180066553
SOD1	54.95579645111487	0.2791948153511157	0.5194189356591165	0.537513741190108	0.5909127957689426	0.6926968180066553
H2AFZ	59.673577307820864	0.25770150447117446	0.4975429479958384	0.5179482605656989	0.6044943688767656	0.7069265889012295
VIM	192.527096092305	-0.13503152660337547	0.2633511101334363	-0.5127433354465712	0.608130871813594	0.7078007771702164
COX6A1	56.01875102408191	0.2641967028671297	0.5136601893087834	0.514341403842589	0.6070133189699785	0.7078007771702164
PCNP	59.06549818386243	0.25458227346459045	0.5002000319127229	0.5089609300724937	0.6107796100930094	0.7091990733307456
HNRNPA2B1	93.19265388548652	0.1995225951317125	0.39705578532433455	0.5025051957591619	0.6153121984891308	0.7127729958857543
CDC42SE2	64.39135816452686	0.23924682414607187	0.4815841944313421	0.49679127120975425	0.6193362512618066	0.714058266160671
SON	64.72826405530033	-0.24233057041359715	0.48741300637319257	-0.49717707005145934	0.6190641897715399	0.714058266160671
UQCRB	69.47543978784643	-0.2287610197372236	0.4659844468456823	-0.490919860707242	0.6234831294040899	0.7171519563568169
EEF1G	81.64388610611718	0.2044789456796944	0.425269884116953	0.48082159898127386	0.6306432979533357	0.7203151888045093
PFDN5	98.59671504287569	-0.18640166181391743	0.3873659295273475	-0.48120303724532326	0.630372202433366	0.7203151888045093
HNRNPA1	69.29209437710225	-0.2268393585583464	0.4706565466742405	-0.4819636742784982	0.6298317516105654	0.7203151888045093
EEF1B2	100.24395854399516	-0.1868822897922426	0.3904483585904115	-0.4786351016224557	0.632198242265503	0.7204119504885965
PRRC2C	56.82161947969323	-0.24339193698781733	0.5131807473696016	-0.4742811148613147	0.6352994567207129	0.722266203696402
PDCD10	80.1268029440958	0.21251147887266375	0.4537517306266683	0.46834307073422726	0.6395392722783506	0.7254033412416477
RACK1	107.74256120225137	-0.16738393952102631	0.3733771232934461	-0.4482972551842049	0.6539386813155419	0.7400229880938003
EMP3	129.16310157895097	0.1445042452915088	0.33292724430436177	0.4340415143658329	0.6642582947835487	0.749969042497555
TMSB10	133.30145132758437	0.1440083455635392	0.335525502896036	0.4292023834866609	0.6677759485867629	0.7522073903621007
C11orf58	61.67567765464519	0.2075163459749615	0.4902107957443675	0.42332063629862615	0.6720613399834592	0.755298294935539
TOMM7	75.59197744325918	-0.18481433076370063	0.4452692664575742	-0.4150619516905508	0.6780965518533065	0.7603370947554238
COX7A2	56.77529824714928	0.20753251665697725	0.5122359862384769	0.4051502085610172	0.685367102076799	0.7667348858850035
ELF1	60.778629836604715	0.19113953947354292	0.4978920992721352	0.38389751464819066	0.7010544085098749	0.7795469590708776
EEF2	54.81951913286891	-0.2003963797795898	0.5229933240504341	-0.38317196523194025	0.7015922631637898	0.7795469590708776
PET100	51.0303092333047	0.20751006765724103	0.5385038042931996	0.38534559273839014	0.6999813865542652	0.7795469590708776
ELOB	66.0275145498171	0.18022108731563177	0.47355866229263616	0.3805676079139356	0.7035241208522023	0.7799249303565139
PCBP1	60.08797076516014	0.19268141902666136	0.5175333213592461	0.37230727196580143	0.7096640849352944	0.7849557598607094
NDUFA5	51.320024787341005	0.20113719304805425	0.5583322525363573	0.36024641624111914	0.7186628664473758	0.7931189291874192
SSX2IP	60.70800610914103	0.16546721546532078	0.494200464990682	0.3348180084542021	0.7377623750345479	0.8123675590268056
ZYX	54.79785720032415	0.173331330938476	0.5283355094377763	0.32807056849713745	0.7428583064919105	0.8161447761906641
CFLAR	54.378728167144	0.15936236144967145	0.524006882014284	0.304122649758114	0.7610344515977008	0.8320498847636839
PTPN12	59.371393234648345	-0.15239553621430313	0.502055944795173	-0.3035429373841533	0.76147613066444	0.8320498847636839
TRBC2	61.73308600301839	-0.14940188157848805	0.4999053285271523	-0.2988603502560451	0.7650466011074083	0.8320498847636839
FAM107B	81.56852680281261	0.12821284623337595	0.4262076657062917	0.30082247821823555	0.7635498667438878	0.8320498847636839
DDX5	100.3375033630716	-0.11491742596995189	0.3858364842390707	-0.2978397084365592	0.765825506180452	0.8320498847636839
EDF1	56.793606007160115	0.14768837684992073	0.5102675109923362	0.2894332358387969	0.7722498643134261	0.8371735254725194
CAST	58.04251330345099	-0.13713574373504275	0.5176441071170517	-0.264922833756964	0.7910689078225305	0.8556816000729358
UQCR10	50.58513949681838	-0.13364428310153978	0.5420638436107807	-0.2465471266471347	0.8052587282269852	0.8691118432405787
BTF3	81.63702226701507	-0.1027172015963501	0.4298803463619991	-0.23894370251077424	0.8111492371728652	0.8735453323400086
SNHG5	52.2179417095747	0.1238128482860745	0.5339279137158947	0.23189057006664737	0.8166230089187582	0.877511566601297
PIP4K2A	82.85057320235227	0.09656795172788252	0.43854039209128537	0.22020309524369017	0.8257129861356574	0.8853377750688668
SAP18	55.40045388848744	0.11337902032331972	0.5215435000005184	0.21739130163295492	0.8279034094120314	0.8857481891089419
BTG1	104.43114784330852	0.07853891435517779	0.3729567439158936	0.21058451318121035	0.8332114980162975	0.8894850414553066
RAP2B	57.57394342603347	0.09399372401940428	0.532895236510529	0.17638311919409913	0.8599929656840919	0.9127446575871118
CA2	66.71978958540916	0.0855202925091504	0.4769308022889171	0.1793138377699991	0.8576912819789037	0.9127446575871118
LDHA	63.970100868085474	-0.08770219857453687	0.4993692694614225	-0.17562594243959995	0.8605878200107054	0.9127446575871118
RGCC	56.91267923042898	0.09048947644999858	0.5340978909746144	0.16942489004192593	0.8654624470775656	0.9159321794125423
SNHG6	82.20686990680434	0.06649912897974206	0.4362622263575227	0.15242926149018718	0.8788483793989573	0.926098292269869
NDUFA13	52.562580543643506	-0.08211234192461883	0.5327662988984395	-0.15412450467380592	0.8775115671907293	0.926098292269869
NACA	148.47265314739812	0.04665540078406742	0.3119667410031513	0.1495524831719037	0.8811176993762633	0.9264971517046544
CIRBP	64.23428801792937	0.06826250451725842	0.4879997686470139	0.13988224770375846	0.8887530276540796	0.932524590043895
H3F3B	176.22444423532173	0.03662034446446072	0.27864629118689027	0.1314223286750986	0.8954412261247949	0.9375346170964732
SARAF	95.6418967380241	-0.05033142683917062	0.3921701572583115	-0.12834078755773026	0.8978792881784547	0.9380828383954004
HNRNPDL	52.23786543373301	-0.06514681312578204	0.5385359379647873	-0.12097022414508152	0.9037146196492186	0.9394217030908912
TRAM1	55.3599718968181	0.05961329889433073	0.5200972752283638	0.11461951779723473	0.90874670870425	0.9394217030908912
FAU	182.64265366479327	0.03273251171985153	0.271635303139507	0.12050168494866333	0.904085744976448	0.9394217030908912
NFKBIA	53.87950425481839	-0.06375923005434875	0.5536420505128483	-0.11516327200090286	0.9083157096343296	0.9394217030908912
HSP90AA1	72.62607202257837	-0.05209239207632608	0.4532742035925408	-0.11492467840317072	0.9085048241554788	0.9394217030908912
COX4I1	116.93736915654596	0.03891087048842221	0.35355904942981264	0.11005480004308776	0.9123659146703272	0.941177469870443
THBS1	56.31655632649301	0.05141942729920636	0.5145727304554651	0.09992645209491252	0.9204027157171856	0.9474733838265144
PCGF5	52.71017953855923	-0.05005343203125744	0.5475336028457796	-0.0914161829906094	0.9271619034231628	0.9524304668288256
CRIP1	90.12633980662714	-0.03741657135426008	0.4372083754544011	-0.08558063718558032	0.9317997912668092	0.9551922546458922
PDIA3	52.71491511440012	0.04244828888884957	0.5304124437395263	0.08002883301451158	0.9362143240810288	0.95571878916605
ZFAS1	79.4046207335499	-0.03747105154459151	0.4574096740293594	-0.08192011160259455	0.9347102414442432	0.95571878916605
LEPROT	61.329657417269416	0.03607217174259291	0.49572625500735645	0.07276631281524036	0.9419920783443124	0.9557306648884532
PNRC1	64.87898266190946	-0.0348185716474562	0.4792043367430935	-0.072659133020582	0.942077369675761	0.9557306648884532
YWHAB	54.646391733760765	-0.03822121016946814	0.5240848273111458	-0.07292943465958508	0.9418622708327632	0.9557306648884532
LAPTM5	55.95061236495892	0.03499673918519364	0.5148400520821017	0.06797594523514791	0.945804782904316	0.957529635584948
S100A10	90.11986602239982	0.02391834905851547	0.4043508997699602	0.05915245662152079	0.9528306774106208	0.9626536740849572
HSP90AB1	52.01877360716039	-0.02779857815322718	0.5363962938970811	-0.05182470212697054	0.9586683725447366	0.9645739272010696
NKG7	60.58593551841773	-0.02806891685302359	0.5331006906135112	-0.05265218625157075	0.958009035987152	0.9645739272010696
EEF1A1	213.5128069883933	-0.00914141625218916	0.2468031548909412	-0.03703930063709529	0.9704536698497502	0.9744309389884788
HNRNPA3	53.18174678343119	-0.01197782758443335	0.5339605140554784	-0.02243204744384687	0.9821033166154366	0.984111707855959
SNHG29	51.92984211968587	0.00857866236927712	0.5359569117653542	0.01600625382555553	0.9872294025034828	0.9872294025034828
