CHIVEID,mtvar
CH-21-006,11251_A>G
CH-21-006,15452_C>A
CH-21-006,10398_A>G
CH-21-006,4216_T>C
CH-21-006,7853_G>A
CH-21-014,7754_G>C
CH-21-033,745_A>G
CH-21-033,15693_T>C
CH-21-033,1811_A>G
CH-21-033,11467_A>G
CH-21-033,6047_A>G
CH-21-033,5999_T>C
CH-21-046,2781_T>C
CH-21-046,15549_T>C
CH-21-046,747_A>G
CH-21-046,8265_T>C
CH-20-002,10983_T>G
CH-20-002,10941_T>G
CH-20-005,2253_T>G
CH-21-017,8860_A>G
CH-21-017,4769_A>G
CH-21-073,7976_G>A
CH-21-073,1438_A>G
CH-21-073,4727_A>G
CH-21-074,5330_C>T
CH-21-037,1782_G>A